Key,English,Spanish,French,German,Russian,Japanese,Korean,Portuguese,Vietnamese,Indonesian,ChineseSimplified,ChineseTraditional
PUSH_1,Get your FREE diamonds and unlock more songs!,¡Consigue diamantes GRATIS y desbloquea más canciones!,Obtenez vos diamants GRATUITS et débloquez plus de chansons !,Deine KOSTENLOSEN Diamanten bekommen und mehr Songs entriegeln!,Получите БЕСПЛАТНЫЕ алмазы и откройте больше песен!,無料のダイヤモンドを手に入れて、曲をもっとアンロックしよう！,무료 다이아몬드를 받고 더 많은 노래를 만나보세요!,Receba seus diamantes GRATUITOS e desbloqueie mais músicas!,Nhận kim cương miễn phí và mở thêm bài hát!,Dapatkan berlian GRATIS dan buka lebih banyak lagu!,获取免费钻石，解锁更多歌曲！,取得免費鑽石並解鎖更多歌曲！
PUSH_2,Let's play and enjoy wonderful melodies with us!,¡Juega y disfruta de maravillosas melodías con nosotros!,Jouez et écoutez de merveilleuses mélodies avec nous !,Spiele und genieße tolle Melodien mit uns!,Давайте вместе сыграем и прослушаем замечательные мелодии!,素敵なメロディーを一緒に演奏して楽しもう！,함께 멋진 멜로디를 플레이하고 즐겨봐요!,Vamos jogar e curtir melodias maravilhosas!,Cùng chơi và thưởng thức những giai điệu tuyệt vời với chúng tôi!,Ayo main dan nikmati melodi yang indah bersama kami!,一起玩吧，和我们一起欣赏美妙的旋律！,快一起來遊玩並欣賞美妙的旋律吧！
PUSH_3,FREE gift for you. Get it NOW <<<,Hay un regalo GRATIS para ti. Consíguelo AHORA <<<,Cadeau GRATUIT pour vous. Obtenir MAINTENANT <<<,KOSTENLOSES Geschenk für dich. Bekomme es JETZT <<<,БЕСПЛАТНЫЙ подарок для вас. Получить его СЕЙЧАС <<<,無料のプレゼントをご用意。 今すぐゲット<<<,나만을 위한 무료 선물. 지금 받기 <<<,Um BRINDE para você. Receba AGORA <<<,Nhận quà miễn phí. Chơi ngay <<<,Hadiah GRATIS untuk Anda. Dapatkan SEKARANG<<<,给你的免费礼物。现在获取<<<,為您準備的免費禮物。立即取得 <<<
SETTING,SETTING,AJUSTE,RÉGLAGE,EINSTELLUNG,НАСТРОЙКА,設定,설정,CONFIGURAÇÃO,CÀI ĐẶT,SETELAN,设置,設定
SOUND,SOUND,SONIDO,SON,TON,ЗВУК,サウンド,소리,SOM,ÂM THANH,SUARA,声音,音效
MUSIC,MUSIC,MÚSICA,MUSIQUE,MUSIK,МУЗЫКА,音楽,음악,MÚSICA,NHẠC,MUSIK,音乐,音樂
REMOVE_ADS,REMOVE ADS,SIN ANUNCIOS,ENLEVER LA PUB,WERBUNG ENTFERNEN,УБРАТЬ РЕКЛАМУ,広告を削除,광고 제거,REMOVER ANÚNCIOS,REMOVE ADS,HAPUS IKLAN,删除广告,移除廣告
LANGUAGE,LANGUAGE,IDIOMA,LANGUE,SPRACHE,ЯЗЫК,言語,언어,IDIOMA,NGÔN NGỮ,BAHASA,语言,語言
RATE_US,RATE US,VALÓRANOS,ÉVALUEZ-NOUS,BEWERTEN SIE UNS,ОЦЕНИ НАС,評価,평가 남기기,FAÇA UMA AVALIAÇÃO,ĐÁNH GIÁ,NILAI KAMI,评价我们,為我們評分
HELP,HELP,AYUDA,AIDE,HILFE,ПОМОЩЬ,ヘルプ,도움말,AJUDA,GIÚP ĐỠ,BANTUAN,帮助,協助
CREDIT,CREDIT,CRÉDITO,CRÉDIT,MITWIRKENDE,АВТОРЫ,クレジット,크레딧,CRÉDITOS,GiỚI THIỆU,KREDIT,积分,存款
SOUND_ON,On,Activar,Activé,Ein,Включить,オン,켜기,Ligado,Bật,Nyala,开,開啟
SOUND_OFF,Off,Apagar,Désactivé,Aus,Выключить,オフ,끄기,Desligado,Tắt,Mati,关,關閉
DAILY_REWARD,DAILY REWARD,RECOMPENSA DIARIA,RÉCOMPENSE QUOTIDIENNE,TÄGLICHE BELOHNUNG,ЕЖЕДНЕВНАЯ НАГРАДА,デイリーリワード,일일 보상,RECOMPENSA DIÁRIA,PHẦN THƯỞNG HÀNG NGÀY,HADIAH HARIAN,每日奖励,每日獎勵
DAILY_REWARD_DES,Come back daily to get your reward!,¡Vuelve a diario para recibir tu recompensa!,Revenez chaque jour pour obtenir votre récompense !,"Schauen Sie jeden Tag hier vorbei, um Ihre Belohnung zu erhalten!","Возвращайся ежедневно, чтобы получать свою награду!",毎日戻ってきてリワードをもらおう！,매일 방문하고 보상을 받아보세요!,Volte diariamente para receber sua recompensa!,Chơi game hàng ngày để nhận thưởng,Kembalilah setiap hari untuk mendapatkan hadiah!,每天回来领取奖励！,每天回來取得您的獎勵！
CLAIM,CLAIM,RECLAMAR,DEMANDER,EINLÖSEN,ЗАПРОС,受け取る,신청,RESGATE,NHẬN,AMBIL,认领,取得獎勵
Day1,Day 1,Día 1,Jour 1,Tag 1,День 1,1日目,1일 차,Dia 1,Ngày 1,Hari 1,第 1 天,第 1 天
Day2,Day 2,Día 2,Jour 2,Tag 2,День 2,2日目,2일 차,Dia 2,Ngày 2,Hari 2,第 2 天,第 2 天
Day3,Day 3,Día 3,Jour 3,Tag 3,День 3,3日目,3일 차,Dia 3,Ngày 3,Hari 3,第 3 天,第 3 天
Day4,Day 4,Día 4,Jour 4,Tag 4,День 4,4日目,4일 차,Dia 4,Ngày 4,Hari 4,第 4 天,第 4 天
Day5,Day 5,Día 5,Jour 5,Tag 5,День 5,5日目,5일 차,Dia 5,Ngày 5,Hari 5,第 5 天,第 5 天
DoubleRewards,Double Rewards,Doble recompensa,Double récompenses,Doppelte Belohnungen,Двойные награды,ダブルリワード,두 배 보상,Recompensar em dobro,Nhân đôi quà,Hadiah Ganda,双倍奖励,加倍獎勵
SUPER_BOX_DIAMOND,SUPER DIAMOND BOX,SUPER CAJA DIAMANTE,SUPER BOÎTE DE DIAMANTS,GROSSARTIGE DIAMANTENKISTE,СУПЕР-АЛМАЗНЫЙ СУНДУК,スーパーダイヤ箱,슈퍼 다이아몬드 박스,SUPER CAIXA DE DIAMANTE,SUPER DIAMOND BOX,KOTAK BERLIAN SUPER,超级钻石盒,超級鑽石箱
FREE_ITEMS,FREE ITEMS,ARTÍCULOS GRATIS,ARTICLES GRATUITS,KOSTENLOSE GEGENSTÄNDE,БЕСПЛАТНЫЕ ПРЕДМЕТЫ,無料アイテム,무료 아이템,ITENS GRATUITOS,QUÀ MiỄN PHÍ,BARANG GRATIS,免费项目,免費道具
SHOP,SHOP,TIENDA,BOUTIQUE,SHOP,МАГАЗИН,ショップ,상점,LOJA,CỬA HÀNG,BELANJA,购物,商店
NOTICE,NOTICE,AVISO,REMARQUE,HINWEIS,УВЕДОМЛЕНИЕ,お知らせ,알림,AVISO,CHÚ Ý,PEMBERITAHUAN,注意,通知
NOT_ENOUGH_GOLD,You do not have enough Coin!,¡No tienes suficientes monedas!,Vous n'avez pas assez de pièces !,Sie haben nicht genug Münzen!,Тебе не хватает монет!,コインが足りません！,코인이 부족합니다!,Você não tem moedas suficientes!,Bạn không có đủ vàng,Koin Anda tidak cukup!,你的钱币不足！,您的金幣不足！
NOT_ENOUGH_DIAMON,You do not have enough Diamond!,¡No tienes suficientes diamantes!,Vous n'avez pas assez de diamants !,Sie haben nicht genug Diamanten!,Тебе не хватает алмазов!,ダイアモンドが足りません！,다이아몬드가 부족합니다!,Você não tem diamantes suficientes!,Bạn không có đủ kim cương,Berlian Anda tidak cukup!,你的钻石不足！,您的鑽石不足！
NOT_ENOUGH_LIVE,You do not have enough Live!,¡No tienes suficientes vidas!,Tu n'as pas assez de vies !,Sie haben nicht genug Leben!,Тебе не хватает жизней!,ライフが足りません！,라이브가 부족합니다!,Você não tem vidas suficientes!,Bạn không có đủ mạng,Nyawa Anda tidak cukup!,你的直播不足！,您的生命值不足！
MUST_UNLOCK,You must unlock to play this level!,¡Debes desbloquear este nivel para poder jugarlo!,Vous devez déverrouiller pour jouer à ce niveau !,"Sie müssen das Level erst freischalten, bevor Sie es spielen können!","Тебе следует разблокировать, чтобы играть на этом уровне!",このレベルをプレイするにはアンロックが必要です！,이 레벨을 플레이하려면 열어야 합니다!,É preciso desbloquear este nível para jogar!,Bạn phải mở khóa để chơi bài này,Anda harus membuka level ini untuk bisa memainkannya!,必须解锁才能玩这个级别！,您必須解鎖才能玩這個關卡！
NOT_AVAIABLE,This level not available this time!,¡Este nivel no está disponible en este momento!,Ce niveau n'est pas disponible actuellement !,Dieses Level ist noch nicht verfügbar!,Этот уровень недоступен на этот раз!,このレベルは今回はプレイできません！,지금은 이 레벨을 이용할 수 없습니다!,Este nível não está disponível no momento!,Bài hát này hiện tại không có sẵn,Saat ini level ini tidak tersedia!,目前不能玩这个级别！,此關卡目前無法使用！
FAILED_LOAD_FOLDER,Failed to load folder!,¡Error al cargar la carpeta!,Impossible de charger le dossier !,Ordner konnte nicht geladen werden!,Не удалось загрузить папку!,フォルダを読み込めませんでした！,폴더를 로드하지 못했습니다!,Não foi possível carregar a pasta!,Lỗi khi tải thư mục,Gagal memuat folder!,加载文件夹失败！,讀取資料夾失敗！
IMPORT,IMPORT MP3,IMPORTAR MP3,IMPORTER MP3,MP3 IMPORTIEREN,ИМПОРТ MP3,MP3をインポート,MP3 불러오기,IMPORTAR MP3,IMPORT MP3,IMPOR MP3,导入 MP3,匯入 MP3
IMPORT_DES,Are you sure you want to import?,¿Estás seguro de que quieres importar?,Souhaitez-vous vraiment importer ?,Möchten Sie wirklich den Import starten?,"Ты уверен, что хочешь импортировать?",インポートしていいですか？,정말 불러오시겠어요?,Tem certeza de que deseja importar?,Are you sure you want to import?,Anda yakin ingin mengimpor?,你确定要导入吗？,確定要匯入嗎？
FAILED_LOAD_FILE,Failed to load this file!,¡Error al cargar el archivo!,Impossible de charger ce fichier !,Diese Datei konnte nicht geladen werden!,Не удалось загрузить этот файл!,このファイルを読み込めませんでした！,이 파일을 로드하지 못했습니다!,Não foi possível carregar esse arquivo!,Failed to load this file!,Gagal memuat berkas ini!,加载此文件失败！,無法讀取此檔案！
DELETE,DELETE MP3,ELIMINAR MP3,SUPPRIMER MP3,MP3 LÖSCHEN,УДАЛИТЬ MP3,MP3を削除,MP3 삭제,EXCLUIR MP3,DELETE MP3,HAPUS MP3,删除 MP3,刪除 MP3
DELETE_DES,Are you sure you want to delete?,¿Estás seguro de que quieres eliminarlo?,Souhaitez-vous vraiment supprimer ?,Möchten Sie diese Datei wirklich löschen?,"Ты уверен, что хочешь удалить?",消去してもいいですか？,정말 삭제하시겠어요?,Tem certeza de que deseja excluir?,Bạn muốn xóa bài hát này?,Anda yakin ingin menghapus?,你确定要删除吗？,確定要刪除嗎？
InfiniteDes,24h Infinite Lives,Vidas infinitas durante 24 horas,Vies illimitées durant 24 h,24 Stunden lang unendliche Leben,Бесконечные жизни на 24 часа,24時間無限のライフ,24시간 무한 라이브,24 horas de vidas infinitas,24h không giới hạn mạng,Nyawa Tak Terhingga Selama 24 Jam,24 小时无限直播,24 小時無限生命值
VipDes,No pop up ads & infinite lives,Sin anuncios emergentes y vidas infinitas,Pas de publicités pop-up et vies illimitées,Keine Werbe-Pop-Ups und unendliche Leben,Нет всплывающей рекламы и бесконечные жизни,ポップアップ広告なし &無限のライフ,팝업 광고 제거 및 무한 라이브,Sem anúncios e com vidas infinitas,Không quảng cáo và không giới hạn mạng,Tanpa iklan sembulan & nyawa tak terhingga,无弹出广告，无限直播,無彈出廣告 & 無限的生命值
TUT_TITLE,TUTORIALS,TUTORIALES,TUTORIELS,ANLEITUNGEN,ОБУЧЕНИЕ,チュートリアル,튜토리얼,TUTORIAIS,HƯỚNG DẪN,TUTORIAL,教程,教學
TUT_1,Hold & Drag to control,Pulsa y arrastra para controlar,Appuyez et glissez pour contrôler,Zum Steuern halten und ziehen,Удерживай и перетаскивай для управления,長押し&ドラッグで調節,길게 누르고 끌어서 제어,Segure e arraste para controlar,Giữ và vuốt để kiểm soát,Tahan & Seret untuk mengontrol,按住并拖动进行控制,按住並拖曳來控制
TUT_2,Roll to the Ball which has the same color,Rueda hacia la bola,Roulez vers la balle de couleur identique,Rollen Sie zum Ball mit derselben Farbe,"Перекати к шару, который имеет тот же цвет",同じ色のボールに向けて転がそう,같은 색 공에 굴리기,Role até a bola com a mesma cor,Kéo quả bóng tới bóng có cùng màu,Gelindingkan ke Bola berwarna sama,滚动到颜色相同的球上！,朝向相同顏色的球滾動
TUT_3,Collect coins and mystery boxes,con el mismo color,Recueillez des pièces et des boîtes mystères,Sammeln Sie Münzen und geheimnisvolle Kisten,Собирай монеты и таинственные сундуки,コインとミステリーボックスを集めよう,코인과 미스터리 박스 수집,Colete moedas e caixas misteriosas,Sưu tầm vàng và hộp quà bí mật,Kumpulkan koin dan kotak misteri,收集钱币和神秘盒子,收集金幣和神祕箱
TUT_4,Touch screen to continue,Recoge monedas y cajas misteriosas,Touchez l'écran pour continuer,"Berühren Sie den Bildschirm, um fortzufahren","Коснись экрана, чтобы продолжить",スクリーンをタッチして続行,스크린을 터치하여 계속,Toque na tela para continuar,Chạm vào màn hình để chơi tiếp,Sentuh layar untuk melanjutkan,触屏以继续,觸碰畫面以繼續
TutDes_0,Roll to the ball,Pulsa la pantalla para continuar,Roulez vers la balle,"Rollen Sie zum Ball,","Перекати к шару,",同じ色の,공에 굴려보세요,Role até a bola,Kéo quả bóng,Gelindingkan ke bola,滚动到球上,滾向
TutDes_1,Which has the same color!,¡Rueda hacia la bola con el mismo color!,Qui a la même couleur !,der dieselbe Farbe hat!,Который имеет тот же цвет!,ボールに向けて転がそう！,같은 색의 공이어야 해요!,Que tem a mesma cor!,tới bóng có cùng màu,Yang berwarna sama!,要有相同的颜色！,同樣顏色的球！
ACHI_0,Connect Facebook/Google,Conectar con Facebook/Google,Connectez Facebook/Google,Mit Facebook/Google verbinden,Подключи Facebook / Google,Facebook/Googleに接続する,Facebook/Google 연결하기,Conectar-se ao Facebook/Google,Đăng nhập Facebook/Google,Hubungkan Facebook/Google,连接脸书/谷歌,連結 Facebook/Google
ACHI_1,Turn on Notifications,Activar notificaciones,Activez les notifications,Benachrichtigungen anschalten,Включи уведомления,通知をオンにする,알림 켜기,Ativar notificações,Bật thông báo,Nyalakan Notifikasi,打开通知,開啟通知
ACHI_2,Share Song result 3 times,Comparte el resultado de la canción 3 veces,Partagez le résultat de la chanson 3 fois,Teilen Sie das Song-Ergebnis dreimal,Поделись песенным результатом 3 раза,曲の結果を3回シェアする,노래 결과 3번 공유하기,Compartilhe o resultado da música 3 vezes,Chia sẻ kết quả 3 lần,Bagikan hasil Lagu 3 kali,分享 3 次歌曲成绩,分享歌曲結果 3 次
ACHI_3,Rate Us,Valóranos,Évaluez nous,Bewerten Sie uns,Оцени нас,評価する,평가 남기기,Faça uma avaliação,Đánh giá trò chơi,Nilai Kami,评价我们,為我們評分
ACHI_4,Get 500 Scores,Obtén 500 puntuaciones,Obtenez 500 points,Erreichen Sie 500 Punkte,Получи 500 очков,500スコアをゲット,500점 받기,Faça 500 pontos,Đạt 500 điểm,Dapatkan Skor 500,得到 500 分,獲得 500 分
ACHI_5,Get 1000 Scores,Obtén 1000 puntuaciones,Obtenez 1000 points,Erreichen Sie 1000 Punkte,Получи 1000 очков,1000スコアをゲット,"1,000점 받기",Faça 1000 pontos,Đạt 1000 điểm,Dapatkan Skor 1000,得到 1000 分,獲得 1000 分
ACHI_6,Get 1500 Scores,Obtén 1500 puntuaciones,Obtenez 1500 points,Erreichen Sie 1500 Punkte,Получи 1500 очков,1500スコアをゲット,"1,500점 받기",Faça 1500 pontos,Đạt 1500 điểm,Dapatkan Skor 1500,得到 1500 分,獲得 1500 分
ACHI_7,Achieve 3 Stars in a Song,Consigue 3 estrellas en una canción,Atteignez 3 étoiles dans une chanson,Erreichen Sie bei einem Song 3 Sterne,Получи 3 звезды за песню,1曲で星を3つ獲得,1곡에서 별 3개 달성하기,Consiga 3 estrelas em uma música,Đạt 3 sao ở 1 bài hát,Dapatkan 3 Bintang di Satu Lagu,一首歌得到 3 颗星,在一首歌中達成 3 顆星
ACHI_8,Achieve 3 Stars in 5 Songs,Consigue 3 estrellas en 5 canciones,Atteignez 3 étoiles sur 5 chansons,Erreichen Sie bei 5 Songs 3 Sterne,Получи 3 звезды за 5 песен,5曲で星を3つ獲得,5곡에서 별 3개 달성하기,Consiga 3 estrelas em 5 músicas,Đạt 3 sao ở 5 bài hát,Dapatkan 3 Bintang di 5 Lagu,5 首歌得到 3 颗星,在 5 首歌中達成 3 顆星
ACHI_9,Achieve 3 Stars in 10 Songs,Consigue 3 estrellas en 10 canciones,Atteignez 3 étoiles sur 10 chansons,Erreichen Sie bei 10 Songs 3 Sterne,Получи 3 звезды за 10 песен,10曲で星を3つ獲得,10곡에서 별 3개 달성하기,Consiga 3 estrelas em 10 músicas,Đạt 3 sao ở 10 bài hát,Dapatkan 3 Bintang di 10 Lagu,10 首歌得到 3 颗星,在 10 首歌中達成 3 顆星
ACHI_10,Get 10 Stars in total,Obtén 10 estrellas en total,Obtenez 10 étoiles au total,Erreichen Sie insgesamt 10 Sterne,Получи 10 звезд в общей сложности,星を合計10個ゲット,총 별 10개 받기,Consiga 10 estrelas no total,Đạt tất cả 10 sao,Dapatkan total 10 Bintang,总共得到 10 颗星,總計獲得 10 顆星
ACHI_11,Get 25 Stars in total,Obtén 25 estrellas en total,Obtenez 25 étoiles au total,Erreichen Sie insgesamt 25 Sterne,Получи 25 звезд в общей сложности,星を合計25個ゲット,총 별 25개 받기,Consiga 25 estrelas no total,Đạt tất cả 25 sao,Dapatkan total 25 Bintang,总共得到 25 颗星,總計獲得 25 顆星
ACHI_12,Open 1st Mystery Box,Abre la 1.ª caja misteriosa,Ouvrez une première boîte mystère,Öffnen Sie Ihre erste geheimnisvolle Kiste,Открой 1-й тайный сундук,最初のミステリーボックスを開く,첫 미스터리 박스 열기,Abra a primeira caixa misteriosa,Mở hộp quà bí mật đầu tiên,Buka Kotak Misteri Pertama,打开第 1 个神秘盒子,開啟第一個神祕箱
ACHI_13,Open 10 Mystery Boxes,Abre 10 cajas misteriosas,Ouvrez 10 boîtes mystères,Öffnen Sie 10 geheimnisvolle Kisten,Открой 10 тайных сундуков,10個のミステリーボックスを開く,미스터리 박스 10개 열기,Abra 10 caixas misteriosas,Mở 10 hộp quà bí mật,Buka 10 Kotak Misteri,打开 10 个神秘盒子,開啟 10 個神祕箱
ACHI_14,Open 30 Mystery Boxes,Abre 30 cajas misteriosas,Ouvrez 30 boîtes mystères,Öffnen Sie 30 geheimnisvolle Kisten,Открой 30 тайных сундуков,30個のミステリーボックスを開く,미스터리 박스 30개 열기,Abra 30 caixas misteriosas,Mở 30 hộp quà bí mật,Buka 30 Kotak Misteri,打开 30 个神秘盒子,開啟 30 個神祕箱
ACHI_15,Collect 50 Coins in a Song,Reúne 50 monedas en una canción,Récupérez 50 pièces dans une chanson,Sammeln Sie bei einem Song 50 Münzen,Собери 50 монет за песню,1曲でコインを50枚集める,1곡에서 코인 50개 수집하기,Colete 50 moedas em uma música,Nhận 50 vàng trong 1 bài hát,Kumpulkan 50 Koin di Satu Lagu,一首歌收集 50 枚钱币,在一首歌中收集 50 個金幣
ACHI_16,Collect 100 Coins in a Song,Reúne 100 monedas en una canción,Récupérez 100 pièces dans une chanson,Sammeln Sie bei einem Song 100 Münzen,Собери 100 монет за песню,1曲でコインを100枚集める,1곡에서 코인 100개 수집하기,Colete 100 moedas em uma música,Nhận 100 vàng trong 1 bài hát,Kumpulkan 100 Koin di Satu Lagu,一首歌收集 100 枚钱币,在一首歌中收集 100 個金幣
ACHI_17,Collect 150 Coins in a Song,Reúne 150 monedas en una canción,Récupérez 150 pièces dans une chanson,Sammeln Sie bei einem Song 150 Münzen,Собери 150 монет за песню,1曲でコインを150枚集める,1곡에서 코인 150개 수집하기,Colete 150 moedas em uma música,Nhận 150 vàng trong 1 bài hát,Kumpulkan 150 Koin di Satu Lagu,一首歌收集 150 枚钱币,在一首歌中收集 150 個金幣
ACHI_18,Unlock 3 Songs by Coin,Desbloquea 3 canciones con monedas,Débloquez 3 chansons par pièce,Schalten Sie 3 Songs mit Münzen frei,Разблокируй 3 песни за монеты,コインで3曲をアンロック,코인으로 3곡 열기,Desbloquear 3 músicas com moeda,Mua 3 bài hát bằng vàng,Buka 3 Lagu Menggunakan Koin,用钱币解锁 3 首歌,運用金幣解鎖 3 首歌
ACHI_19,Unlock 10 Songs by Coin,Desbloquea 10 canciones con monedas,Débloquez 10 chansons par pièce,Schalten Sie 10 Songs mit Münzen frei,Разблокируй 10 песен за монеты,コインで10曲をアンロック,코인으로 10곡 열기,Desbloquear 10 músicas com moeda,Mua 10 bài hát bằng vàng,Buka 10 Lagu Menggunakan Koin,用钱币解锁 10 首歌,運用金幣解鎖 10 首歌
ACHI_20,Unlock 1st Song by Diamond,Desbloquea la 1.ª canción con diamantes,Débloquez une première chanson par diamant,Schalten Sie den ersten Song mit Diamanten frei,Разблокируй 1-ую песню за алмазы,ダイアモンドで1曲目をアンロック,다이아몬드로 첫 곡 열기,Desbloquear a primeira música com diamante,Mua bài hát thứ 1 bằng kim cương,Buka Lagu Pertama Menggunakan Berlian,用钻石解锁第 1 首歌,運用鑽石解鎖第一首歌
ACHI_21,Unlock 4 Songs by Diamond,Desbloquea 4 canciones con diamantes,Débloquez 4 chansons avec des diamants,Schalten Sie 4 Songs mit Diamanten frei,Разблокируй 4 песни за алмазы,ダイアモンドで4曲をアンロック,다이아몬드로 4곡 열기,Desbloquear 4 músicas com diamante,Mua 4 bài hát bằng kim cương,Buka 4 Lagu Menggunakan Berlian,用钻石解锁 4 首歌,運用鑽石解鎖 4 首歌
ACHI_22,Unlock 3 Songs by Ads,Desbloquea 3 canciones con anuncios,Débloquez 3 chansons avec des publicités,Schalten Sie 3 Songs mit Werbung frei,Разблокируй 3 песни за рекламу,広告で3曲をアンロック,광고로 3곡 열기,Desbloquear 3 músicas com anúncios,Mở 3 bài hát bằng xem quảng cáo,Buka 3 Lagu Menggunakan Iklan,用广告解锁 3 首歌,透過廣告解鎖 3 首歌
ACHI_23,Buy a Ball,Compra una bola,Acheter une balle,Kaufen Sie einen Ball,Купи шар,ボールを買う,공 구매하기,Compre uma bola,Mua 1 mẫu bóng mới,Beli Bola,买一个球,購買一顆球
ACHI_24,Buy a Road,Compra una carretera,Acheter une route,Kaufen Sie eine Strecke,Купи дорогу,道を買う,로드 구매하기,Compre uma estrada,Mua 1 mẫu đường mới,Beli Jalan,买一条路径,購買一條道路
ACHI_25,Revive 10 times,Revive 10 veces,Réanimer 10 fois,Lassen Sie sich 10-mal wiederbeleben,Восстанови 10 раз,10回復活する,10번 부활하기,Reviva 10 vezes,Hồi sinh 10 lần,Bangkitkan 10 kali,重播 10 次,復活 10 次
ACHI_26,Revive 40 times,Revive 40 veces,Réanimer 40 fois,Lassen Sie sich 40-mal wiederbeleben,Восстанови 40 раз,40回復活する,40번 부활하기,Reviva 40 vezes,Hồi sinh 40 lần,Bangkitkan 40 kali,重播 40 次,復活 40 次
ACHI_27,Revive 100 times,Revive 100 veces,Réanimer 100 fois,Lassen Sie sich 100-mal wiederbeleben,Восстанови 100 раз,100回復活する,100번 부활하기,Reviva 100 vezes,Hồi sinh 100 lần,Bangkitkan 100 kali,重播 100 次,復活 100 次
ACHI_28,Get 2 Stars in [Jingle Bells],Obtén 2 estrellas en [Jingle Bells],Obtenir 2 étoiles dans [Jingle Bells],Erreichen Sie 2 Sterne bei [Jingle Bells],Получи 2 звезды за [Jingle Bells],[Jingle Bells]で星を2つゲット,[Jingle Bells]에서 별 2개 받기,Ganhe 2 estrelas em [Jingle Bells],Đạt 2 sao ở bài [Jingle Bells],Dapatkan 2 Bintang di [Jingle Bells],《铃儿响叮当》获 2 颗星,在 [耶誕鈴聲] 中獲得 2 顆星
ACHI_29,Get 3 Stars in [Jingle Bells],Obtén 3 estrellas en [Jingle Bells],Obtenir 3 étoiles dans [Jingle Bells],Erreichen Sie 3 Sterne bei [Jingle Bells],Получи 3 звезды за [Jingle Bells],[Jingle Bells]で星を3つゲット,[Jingle Bells]에서 별 3개 받기,Ganhe 3 estrelas em [Jingle Bells],Đạt 3 sao ở bài [Jingle Bells],Dapatkan 3 Bintang di [Jingle Bells],《铃儿响叮当》获 3 颗星,在 [耶誕鈴聲] 中獲得 3 顆星
ACHI_30,Play 5 Songs,Escucha 5 canciones,Jouer 5 morceaux,Spielen Sie 5 Songs,Воспроизведи 5 песен,5曲プレイ,5곡 플레이하기,Toque 5 músicas,Chơi 5 bài hát,Mainkan 5 Lagu,播放 5 首歌,玩了 5 首歌曲
ACHI_31,Play 10 Songs,Escucha 10 canciones,Jouer 10 morceaux,Spielen Sie 10 Songs,Воспроизведи 10 песен,10曲プレイ,10곡 플레이하기,Toque 10 músicas,Chơi 10 bài hát,Mainkan 10 Lagu,播放 10 首歌,玩了 10 首歌曲
ACHI_32,Spend 25 Lives,Gasta 25 vidas,Dépenser 25 vies,Geben Sie 25 Leben aus,Потрать 25 жизней,ライフを25個使う,25 라이브 쓰기,Gaste 25 vidas,Chơi 25 mạng,Gunakan 25 Nyawa,花 25 场直播,使用 25 次生命值
ACHI_33,Spend 50 Lives,Gasta 50 vidas,Dépenser 50 vies,Geben Sie 50 Leben aus,Потрать 50 жизней,ライフを50個使う,50 라이브 쓰기,Gaste 50 vidas,Chơi 50 mạng,Gunakan 50 Nyawa,花 50 场直播,使用 50 次生命值
ACHI_34,Spend 100 Lives,Gasta 100 vidas,Dépenser 100 vies,Geben Sie 100 Leben aus,Потрать 100 жизней,ライフを100個使う,100 라이브 쓰기,Gaste 100 vidas,Chơi 100 mạng,Gunakan 100 Nyawa,花 100 场直播,使用 100 次生命值
UNLOCK_BY_ACHI,Unlock by Achievement!,¡Desbloquea con logros!,Débloquer par accomplissement !,Schalten Sie etwas durch eine Errungenschaft frei!,Разблокируй за достижение!,実績でアンロック！,업적으로 열기,Desbloquear com conquista!,Mở khóa bằng Danh hiệu,Buka menggunakan Pencapaian!,完成即可解锁！,透過達成成就來解鎖！
Play,Play,Juega,Jouer,Spielen,Играть,プレイ,플레이,Jogar,Chơi,Main,播放,遊玩
Try,Try,Prueba,Essayer,Ausprobieren,Попробовать,トライ,체험,Experimentar,Thử,Coba,尝试,試試看
Free,Free,Gratis,Gratuit,Gratis,Бесплатно,無料,무료,Gratuito,Miễn phí,Gratis,免费,免費
PAUSE_DES,DO YOU WANT TO QUIT?,¿QUIERES ABANDONAR?,VOULEZ-VOUS QUITTER ?,MÖCHTEN SIE AUFHÖREN?,ХОЧЕШЬ ВЫЙТИ?,終了しますか？,종료하시겠어요?,VOCÊ DESEJA SAIR?,BẠN CÓ MUỐN THOÁT TRÒ CHƠI?,ANDA INGIN KELUAR?,想退出吗？,要離開嗎？
PAUSE_GAME,PAUSE GAME,PAUSAR JUEGO,PAUSE,SPIEL PAUSIEREN,ПОСТАВЬ ИГРУ НА ПАУЗУ,ゲームを止める,게임 일시 중지,PAUSAR JOGO,TẠM DỪNG,JEDA GIM,暂停游戏,暫停遊戲
CONTINUE,CONTINUE,CONTINUAR,CONTINUER,FORTFAHREN,ПРОДОЛЖИТЬ,続ける,계속,CONTINUAR,TiẾP TỤC,LANJUTKAN,继续,繼續
TAP_TO_START,TAP TO START,PULSA PARA EMPEZAR,APPUYEZ POUR COMMENCER,ZUM STARTEN TIPPEN,"НАЖМИ, ЧТОБЫ НАЧАТЬ",タップしてスタート,탭하여 시작,TOQUE PARA COMEÇAR,CHẠM ĐỂ BẮT ĐẦU,KETUK UNTUK MULAI,点击开始,點選以開始
ENDLESS_MODE,ENDLESS MODE,MODO SIN FIN,MODE SANS FIN,ENDLOSER MODUS,БЕСКОНЕЧНЫЙ РЕЖИМ,無限モード,무한 모드,MODO CONTÍNUO,CHẾ ĐỘ LIÊN TỤC,MODE TANPA AKHIR,循环模式,無限模式
ROUND,ROUND,RONDA,ROUND,RUNDE,РАУНД,ラウンド,라운드,RODADA,VÒNG,RONDE,回合,回合
ReviveFree,Revive for free,Revive gratis,Réanimer gratuitement,Kostenlos wiederbeleben lassen,Восстанови бесплатно,無料で復活,무료로 부활,Reviver gratuitamente,Hồi sinh miễn phí,Bangkitkan secara gratis,免费重播,免費復活
ReviveNow,Revive now,Revive ahora,Réanimer maintenant,Jetzt wiederbeleben lassen,Восстанови сейчас,今すぐ復活,지금 부활,Reviver agora,Hồi sinh ngay!,Bangkitkan sekarang,现在重播,立即復活
DontGiveUp,Don't give up now.,No abandones ahora.,N'abandonnez pas maintenant.,Geben Sie jetzt nicht auf.,Не сдавайся сейчас.,今あきらめたらだめ。,지금 포기하지 마세요.,Não desista agora.,Đừng từ bỏ lúc này!,Jangan menyerah sekarang.,现在别放弃。,別放棄。
ReceivedMisteryBox,You received a mistery box!,¡Has recibido una caja misteriosa!,Vous avez reçu une boîte mystère !,Sie haben eine geheimnisvolle Kiste erhalten!,Получен тайный сундук!,ミステリーボックスを受け取りました！,미스터리 박스를 받았어요!,Você recebeu uma caixa misteriosa!,Bạn nhận được hộp quà bí mật!,Anda menerima kotak misteri!,你得到了神秘盒子！,您獲得了神祕箱！
NearGetThreeStar,Near to get three stars!,¡A punto de conseguir la tercera estrella!,Vous êtes sur le point d'obtenir trois étoiles,"Sie stehen kurz davor, drei Sterne zu erreichen!","Подойди, чтобы получить три звезды!",もう少しで星3つゲット！,별 3개를 받기 직전이에요!,Você está prestes a conseguir 3 estrelas!,Sắp đạt được 3 sao!,Hampir mendapat tiga bintang!,即将得到三颗星！,接近獲得三顆星！
Miss,Miss,Fallo,Raté,Daneben,Промах,はずれ,실수,Quase,Bỏ lỡ,Luput,错过,失誤
Good,Good,Bien,Bien,Gut,Хорошо,よし,좋아요,Bom,Tốt,Bagus,好,不錯
Great,Great,Genial,Génial,Großartig,Здорово,すばらしい,잘했어요,Ótimo,Rất tốt,Bagus sekali,很好,優秀
Awesome,Awesome,Impresionante,Impressionnant,Toll,Потрясающие,驚いた,대단해요,Impressionante,Tuyệt vời,Mengagumkan,非常好,讚
Wonderful,Wonderful,Extraordinario,Formidable,Wunderbar,Замечательно,いいね,멋져요,Maravilhoso,Rất tuyệt vời,Hebat,太棒了,美妙
Marvellous,Marvellous,Maravilloso,Merveilleux,Herrlich,Чудесно,すてき,굉장해요,Magnífico,Rất kỳ diệu,Menakjubkan,不可思议,了不起
Perfect,Perfect,Perfecto,Parfait,Perfekt,Идеально,完璧,완벽해요,Perfeito,Hoàn hảo,Sempurna,完美,完美
Incredible,Incredible,Increíble,Incroyable,Unglaublich,Невероятно,すごい,말도 안 돼요,Incrível,Không tin được!,Luar biasa,难以置信,不可思議
Fantastic,Fantastic,Fantástico,Fantastique,Fantastisch,Фантастика,非常にすばらしい,환상적이에요,Fantástico,Rất hay!,Fantastis,了不起,超棒
Amazing,Amazing,Fascinante,Incroyable,Umwerfend,Удивительно,大したもの,놀라워요,Surpreendente,Tuyệt vời,Memukau,令人惊异,太驚人了
Outstanding,Outstanding,Espectacular,Exceptionnel,Ausgezeichnet,Незаурядно,優秀,특별해요,Excepcional,Quá tuyệt,Hebat sekali,优秀,非常出色
Excellent,Excellent,Excelente,Excellent,Hervorragend,Превосходно,最高,훌륭해요,Excelente,Siêu quá!,Istimewa,卓越,極佳
Exciting,Exciting,Apasionante,Passionnant,Aufregend,Захватывающе,エキサイティング,신나요,Emocionante,Rất thú vị,Mengasyikkan,令人兴奋,精彩
Brilliant,Brilliant,Brillante,Brillant,Genial,Блестяще,見事,뛰어나요,Genial,Hay vãi!,Brilian,杰出,太厲害了
LETS_GO,LET'S GO,VAMOS,ALLONS-Y,LOS GEHT'S,ПОГНАЛИ,さあ行こう,시작,VAMOS LÁ,BẮT ĐẦU,AYO,开始吧,開始吧
InitLoading,Use headphone for the best experience,Usa auriculares para obtener la mejor experiencia,Utilisez un casque pour une meilleure expérience,Mit Kopfhörern haben Sie das beste Erlebnis,Используй наушники для более приятной игры,ヘッドフォンを使うと最高です,헤드폰을 사용해 최고의 경험을 누려보세요,Use fones de ouvido para ter a melhor experiência,Sử dụng tai nghe để có trải nghiệm tốt nhất,Gunakan headphone untuk pengalaman terbaik,使用耳机以获得最好体验,使用耳機以獲得最佳體驗
MISTERY_DES_0,Don't lose your good luck!,¡No pierdas tu buena suerte!,Ne perdez pas la main !,Verlieren Sie Ihre Glückssträhne nicht!,Не теряй свою удачу!,幸運を逃さないで！,행운을 놓치지 마세요!,Não perca sua boa sorte!,Đừng bỏ lỡ vận may,Jangan kehilangan keberuntungan Anda!,不要浪费你的好运气！,別錯過好運！
Claim,Claim,Reclamar,Demander,In Anspruch nehmen,Запрос,獲得する,신청,Resgatar,Nhận,Ambil,认领,取得
Claimed,Claimed,Reclamado,Demandé,In Anspruch genommen,Запрошено,請求済み,신청함,Resgatado,Đã nhận,Diambil,已认领,已取得
ACHIEVEMENT_UNLOCKED,ACHIEVEMENTS UNLOCKED,LOGROS DESBLOQUEADOS,ACCOMPLISSEMENTS DÉVERROUILLÉES,ERRUNGENSCHAFTEN FREIGESCHALTET,ДОСТИЖЕНИЯ РАЗБЛОКИРОВАНЫ,実績がアンロックされました,업적이 잠금 해제되었습니다,CONQUISTAS DESBLOQUEADAS,DANH HIỆU ĐÃ ĐẠT,PENCAPAIAN DIBUKA,成绩已解锁,已解鎖成就
UnlockNewBall,Unlock new ball,Desbloquear nueva bola,Débloquer une nouvelle balle,Schalten Sie einen neuen Ball frei,Разблокируй новый шар,新しいボールをアンロック,새 공 열기,Desbloquear nova bola,Mở mẫu bóng mới,Buka bola baru,解锁新球,解鎖新的球
UnlockNewRoad,Unlock new road,Desbloquear nueva carretera,Débloquer une nouvelle route,Schalten Sie eine neue Strecke frei,Открой новую дорогу,新しい道をアンロック,새로운 길 열기,Desbloquear nova estrada,Mở mẫu đường mới,Buka jalan baru,解锁新路径,解鎖新的道路
Selected,Selected,Seleccionado,Sélectionné,Ausgewählt,Выбрано,選択済み,선택함,Selecionado,Đã chọn,Dipilih,已选择,已選擇
Select,Select,Seleccionar,Sélectionner,Auswählen,Выбрать,選択する,선택,Selecionar,Chọn,Pilih,选择,選擇
Golds,Coins,Monedas,Pièces,Münzen,Монеты,コイン,코인,Moedas,Vàng,Koin,钱币,金幣
Diamonds,Diamonds,Diamantes,Diamants,Diamanten,Алмазы,ダイヤモンド,다이아몬드,Diamantes,Kim cương,Berlian,钻石,鑽石
Lives,Lives,Vidas,Vies,Leben,Жизни,ライフ,라이브,Vidas,Mạng,Nyawa,直播,生命值
CONGRATULATIONS,CONGRATULATIONS!,¡ENHORABUENA!,FÉLICITATIONS !,HERZLICHEN GLÜCKWUNSCH!,ПОЗДРАВЛЯЕМ!,おめでとうございます！,축하합니다!,PARABÉNS!,XIN CHÚC MỪNG,SELAMAT!,恭喜！,恭喜！
ReceiveCurrencyDes,You have received,Has recibido,Vous avez reçu,Sie haben Folgendes erhalten:,Ты получил,受け取ったもの,받았습니다,Você recebeu,Bạn đã nhận,Anda telah menerima,你已得到,您獲得了
NewUnlock,New Unlock!,¡Nuevo desbloqueo!,Nouvel élément déverrouillé !,Etwas Neues wurde freigeschaltet!,Новую разблокировку!,新しいアンロック！,새로 열기!,Novo desbloqueio!,Mở bài hát mới!,Yang Baru Dibuka!,新的解锁！,新的解鎖內容！
BestScore,Best Score,Mejor puntuación,Meilleur score,Höchste Punktzahl,Лучший счет,ベストスコア,최고 점수,Melhor pontuação,Điểm cao nhất,Skor Tertinggi,最佳得分,最佳分數
DIAMOND,DIAMOND,DIAMANTE,DIAMANT,DIAMANT,АЛМАЗ,ダイヤモンド,다이아몬드,DIAMANTE,KIM CƯƠNG,BERLIAN,钻石,鑽石
BONUS,BONUS,BONIFICACIÓN,BONUS,BONUS,БОНУС,ボーナス,보너스,BÔNUS,THƯỞNG,BONUS,奖金,額外獎勵
GOLDS,COINS,MONEDAS,PIÈCES,MÜNZEN,МОНЕТЫ,コイン,코인,MOEDAS,VÀNG,KOIN,钱币,金幣
GOLD,COIN,MONEDA,PIÈCE,MÜNZE,МОНЕТА,コイン,코인,MOEDA,VÀNG,KOIN,钱币,金幣
LIVE,LIVES,VIDAS,VIES,LEBEN,ЖИЗНИ,ライフ,라이브,VIDAS,MẠNG,NYAWA,直播,生命值
NEW,NEW,NUEVO,NOUVEAU,NEU,НОВОЕ,新しい,신규,NOVO,MỚI,BARU,新,全新
FacebookConnect,Login to save your data and see ranking,Inicia sesión para guardar tus datos y ver la clasificación,Connectez-vous pour sauvegarder vos données et voir le classement,"Melden Sie sich an, um Ihre Daten zu speichern und die Rangliste zu sehen","Войди, чтобы сохранить свои данные и увидеть рейтинг",データを保存して ランキングを見るには ログインしてください,로그인하여 데이터 저장 및 순위 확인,Acesse sua conta para salvar seus dados e ver a classificação,Đăng nhập để lưu dữ liệu và bảng xếp hạng,Login untuk menyimpan data dan melihat peringkat Anda,登录以保存你的数据并查看排名,登入以儲存您的資訊並查看排行榜
RATE_US_TEXT_1,Do you enjoy our game?,¿Te gusta nuestro juego?,Aimez-vous notre jeu ?,Macht Ihnen unser Spiel Spaß?,Тебе нравится наша игра?,ゲームを楽しんでいますか？,게임이 즐거우신가요?,Você gosta do nosso jogo?,Bạn thích trò chơi này chứ?,Anda menikmati permainan kami?,你喜欢我们的游戏吗？,喜歡我們的遊戲嗎？
RATE_US_TEXT_2,Please leave a review.,Deja una opinión.,Merci de nous laisser un commentaire.,Bitte schreiben Sie eine Bewertung.,"Пожалуйста, оставь отзыв.",レビューを残してください,그렇다면 리뷰를 남겨주세요.,"Por favor, faça uma avaliação.",Hãy để lại phản hồi cho chúng tôi,Mohon beri ulasan.,请评论。,請為我們留下評論。
RATE_NOW,RATE NOW,VALORAR AHORA,ÉVALUER MAINTENANT,JETZT BEWERTEN,ОЦЕНИТЬ СЕЙЧАС,今すぐ評価する,지금 평가 남기기,AVALIAR AGORA,ĐÁNH GIÁ,NILAI SEKARANG,现在打分,立即評分
RATE_LATER,LATER,DESPUÉS,PLUS TARD,SPÄTER,ПОТОМ,後で,나중에,DEPOIS,ĐỂ SAU,NANTI,稍后,晚點再說
DONT_ASK,DON'T ASK AGAIN,NO PREGUNTAR MÁS,NE PLUS DEMANDER,NICHT NOCHMAL FRAGEN,БОЛЬШЕ НЕ СПРАШИВАТЬ,もう聞かないで,다시 보지 않기,NÃO PERGUNTAR NOVAMENTE,KHÔNG HỎI LẠI,JANGAN TANYA LAGI,不再询问,別再問了
EASY,Easy,Fácil,Facile,Leicht,Легкий,簡単,쉬움,Fácil,Dễ,Mudah,简单,簡單
NORMAL,Normal,Normal,Normal,Normal,Нормальный,普通,보통,Normal,Bình thường,Normal,适中,一般
HARD,Hard,Difícil,Difficile,Schwer,Сложный,難しい,어려움,Difícil,Khó,Sulit,困难,困難
CHALLENGING,Challenging,Desafiante,Exigeant,Anspruchsvoll,Испытывающий,チャレンジ,도전,Desafiador,Thách thức,Menantang,有挑战,挑戰
EXTREME,Extreme,Extremo,Extrême,Extrem,Экстремальный,極限,극한,Extremo,Cực khó,Ekstrem,很有挑战,極限
CRAZY,Crazy,Alocado,Fou,Verrückt,Безумный,クレイジー,고수,Louco,Phát điên,Gila,非常有挑战,瘋狂
INSANE,Insane,Demencial,Dingue,Wahnsinnig,Ненормальный,発狂,달인,Insano,Sắp phát điên,Tak wajar,疯狂,狂飆
IMPOSSIBLE,Impossible,Imposible,Impossible,Unmöglich,Невозможный,不可能,불가능,Impossível,Không thể,Mustahil,不可能,不給活路
DOWNLOAD_ERROR,"Failed to download the data, please check your connection!","Error al descargar los datos, ¡revisa tu conexión!","Échec du téléchargement des données, veuillez vérifier votre connexion !","Die Daten konnten nicht heruntergeladen werden, bitte prüfen Sie Ihre Verbindung!","Не удалось загрузить данные, пожалуйста, проверь подключение!",データのダウンロードに失敗しました。接続を確認してください！,데이터를 다운로드하지 못했어요. 연결 상태를 확인해 주세요!,"Não foi possível baixar os dados. Por favor, verifique sua conexão!",Lỗi khi tải dữ liệu. Vui lòng kiểm tra kết nối mạng,"Gagal mengunduh data, harap periksa koneksi Anda!",下载数据失败，请检查你的连接！,無法下載數據，請檢查您的連線！
OpenNow,Open Now,Abrir ahora,Ouvrir maintenant,Jetzt öffnen,Открой сейчас,営業中,지금 열기,Abrir agora,Mở ngay!,Buka Sekarang,现在打开,立即開啟
ACHIEVEMENTS,ACHIEVEMENTS,LOGROS,ACCOMPLISSEMENTS,ERRUNGENSCHAFTEN,ДОСТИЖЕНИЯ,実績,업적,CONQUISTAS,DANH HiỆU,PENCAPAIAN,成绩,成就
Global,Global,Global,Général,Weltweit,Глобальное,グローバル,전 세계,Global,Thế giới,Global,全球,全球
Friend,Friend,Amigo,Ami,Freund,Друг,友だち,친구,Amigos,Bạn bè,Teman,好友,好友
GLOBAL_SALES,GLOBAL SALES,VENTAS GLOBALES,VENTES MONDIALES,WELTWEITE VERKÄUFE,ГЛОБАЛЬНЫЕ ПРОДАЖИ,グローバルセール,전 세계에 판매,VENDAS GLOBAIS,KHUYẾN MÃI,PENJUALAN GLOBAL,全球销量,全球折扣
SPECIAL_OFFERS,SPECIAL OFFERS,OFERTAS ESPECIALES,OFFRES SPÉCIALES,SONDERANGEBOTE,СПЕЦИАЛЬНЫЕ ПРЕДЛОЖЕНИЯ,特別割引,특별 할인,OFERTAS ESPECIAIS,KHUYẾN MÃI ĐẶC BiỆT,PENAWARAN ISTIMEWA,特别优惠,特殊優惠
VIP,VIP,VIP,VIP,VIP,VIP,VIP,VIP,VIP,VIP,VIP,VIP,VIP
LIVE24H,Infinite Lives,Vidas infinitas,Vies infinies,Unendliche Leben,Бесконечные жизни,無限のライフ,무한 라이브,Vidas infinitas,Không giới hạn mạng,Nyawa Tak Terhingga,无限直播,無限生命
Song,Song,Canción,Morceau,Song,Песня,曲,노래,Música,Bài hát,Lagu,歌曲,歌曲
Ball,Ball,Bola,Balle,Ball,Шар,ボール,공,Bola,Bóng,Bola,球,球
Road,Road,Carretera,Route,Strecke,Дорога,道,로드,Estrada,Đường,Jalan,路径,道路
NEED_UPDATE_1,WE ARE IMPROVED!,¡HEMOS MEJORADO!,NOUS AVONS APPORTÉ DES AMÉLIORATIONS !,WIR HABEN UNS VERBESSERT!,ИГРА УЛУЧШЕНА!,改良しました！,개선 사항이 있습니다!,NÓS MELHORAMOS!,CHÚNG TÔI ĐÃ NÂNG CẤP,KAMI TELAH MENJADI LEBIH BAIK!,我们进步了！,我們變得更好了！
NEED_UPDATE_2,We've fixed bugs and added new contents that will improve your experience!,¡Hemos arreglado errores y añadido nuevo contenido para mejorar tu experiencia!,Nous avons corrigé des bugs et ajouté de nouveaux contenus qui amélioreront votre expérience !,"Wir haben Fehler behoben und neue Inhalte hinzugefügt, die Ihr Spielerlebnis verbessern werden!","Мы исправили ошибки и добавили новое содержимое, которое улучшит ваш игровой опыт!",バグを修正し、よりよい体験ができる新しいコンテンツを追加しました！,버그를 수정하고 사용자의 환경을 개선할 콘텐츠를 새로 추가했어요!,Corrigimos os erros e adicionamos novos conteúdos para melhorar sua experiência!,Chúng tôi đã sửa lỗi và nâng cấp để giúp bạn có trải nghiệm tốt hơn!,Kami telah memperbaiki bug dan menambahkan konten baru yang akan meningkatkan pengalaman Anda!,我们已经修复了故障，并添加了新的内容，你的体验会更好！,我們修正了錯誤並添加了新內容，讓您的體驗更加美好！
UPDATE_NOW,UPDATE NOW,ACTUALIZAR AHORA,METTRE À JOUR MAINTENANT,JETZT AKTUALISIEREN,ОБНОВИТЬ СЕЙЧАС,今すぐ更新,지금 업데이트,ATUALIZAR AGORA,NÂNG CẤP,PERBARUI SEKARANG,现在更新,立即更新
NewVersion,New Version,Nueva versión,Nouvelle version,Neue Version,Новая версия,新バージョン,새 버전,Nova versão,Phiên bản mới,Versi Baru,新版,新版本
UpdateNow,Update Now,Actualizar ahora,Mettre à jour,Jetzt aktualisieren,Обновить сейчас,今すぐ更新,지금 업데이트,Atualizar agora,Nâng cấp,Perbarui Sekarang,现在升级,立即更新
SupportUs,SUPPORT US!,¡Danos tu apoyo!,Soutenez-nous !,Unterstützen Sie uns!,Поддержи нас!,応援してください！,저희를 응원해 주세요!,Apoie-nos!,HỖ TRỢ CHÚNG TÔI,Dukung Kami!,支持我们！,支持我們！
RateNow,Rate Now,Valorar ahora,Évaluer maintenant,Jetzt bewerten,Оцени сейчас,今すぐ評価,지금 평가 남기기,Avalie agora,Đánh giá trò chơi,Nilai Sekarang,现在打分,立即評分
Day,Day,Día,Jour,Tag,День,日,일,Dia,Ngày,Hari,天,天
Days,Days,Días,Jours,Tage,Дни,日,일,Dias,Ngày,Hari,天,天
ScreenShotSubject,Share your new score,Comparte tu nueva puntuación,Partagez votre nouveau score,Teilen Sie Ihren neuen Punktestand,Поделитесь своим новым счетом,新スコアを共有する,새로운 점수 공유,Compartilhe sua nova pontuação,Chia sẻ kết quả của bạn,Bagikan skor Anda,分享你的新分数,分享您的新分數
ScreenShotText,Can you beat my score?,¿Puedes superar mi puntuación?,Peux-tu battre mon score ?,Können Sie meine Punktzahl schlagen?,Можешь ли ты побить мой счет?,私のスコアを上回れますか？,제 점수를 이길 수 있나요?,Você consegue superar minha pontuação?,Bạn có thể đánh bại tôi không?,Dapatkah Anda mengalahkan skor saya?,你能超过我的分数吗？,你能贏過我的分數嗎？
ChallengeStart,Get higher Scores for more Rewards!,¡Obtén mayores puntuaciones para obtener más recompensas!,Obtenez des scores plus élevés pour plus de récompenses !,Erreichen Sie mehr Punkte für mehr Belohnungen!,Получи больше очков за большое количество наград!,スコアを上げてもっと報酬をゲット！,더 높은 점수를 받고 더 많은 보상을 받아보세요!,Faça pontuações mais altas para receber mais recompensas!,Đạt điểm cao hơn để nhận quà nhiều hơn,Dapatkan Skor tertinggi untuk Hadiah lebih lanjut!,得到更高的分数，获得更多的奖励！,得到更高分數以獲得更多獎勵！
ChallengeWin,Congratulations! You win the Challenge!,¡Enhorabuena! ¡Has ganado el desafío!,Toutes nos félicitations ! Vous avez gagné le défi !,Herzlichen Glückwunsch! Sie haben die Herausforderung gewonnen!,Поздравляем! Ты выиграл задание!,おめでとうございます！挑戦に勝利しました！,축하합니다! 도전에서 승리하셨습니다!,Parabéns! Você ganhou o desafio!,Xin chúc mừng! Bạn đã chiến thắng thử thách!,Selamat! Anda memenangi Tantangan!,恭喜！你赢得了挑战！,恭喜！您贏得了挑戰！
START_NOW,START NOW,EMPEZAR AHORA,COMMENCER,JETZT STARTEN,НАЧНИ СЕЙЧАС,今すぐ開始,지금 시작하기,COMECE AGORA,Bắt đầu,MULAI SEKARANG,现在开始,立即開始
EndGameUnlockNewSong,You can unlock new songs!,¡Puedes desbloquear una nueva canción!,Vous pouvez débloquer un nouveau morceau !,Sie können neue Songs freischalten!,Ты можешь разблокировать новую песню!,新しい曲をアンロックできます！,새로운 노래를 열 수 있어요!,Você pode desbloquear uma nova música!,Bạn có thể mở bài hát mới!,Anda dapat membuka lagu baru!,你可以解锁新歌！,您可以解鎖新歌曲！
EndGameUnlockedSong,You unlocked a new song!,¡Has desbloqueado una nueva canción!,Vous avez débloqué un nouveau morceau !,You unlocked new song!,You unlocked new song!,新しい曲をアンロックしました！,새로운 노래를 열었습니다!,Você desbloqueou uma nova música!,Bạn đã mở được bài hát mới!,Anda telah membuka lagu baru!,你解锁了新歌！,您解鎖了新歌曲！
TryPlay_1,Tip !,¡Consejo!,Astuce !,Tipp!,Подсказка!,ヒント！,팁!,Dica!,Lưu ý!,Tip !,提示！,提示！
TryPlay_2,Get 3 stars to unlock this song forever!,¡Obtén 3 estrellas para desbloquear esta canción para siempre!,Obtenez 3 étoiles pour déverrouiller ce morceau pour toujours !,"Erreichen Sie 3 Sterne, um diesen Song für immer freizuschalten!","Получи 3 звезды, чтобы разблокировать эту песню навсегда!",星を3つゲットしこの曲を永遠にアンロック！,별 3개를 받아 이 노래를 평생 소장하세요!,Consiga 3 estrelas para desbloquear essa música para sempre!,Đạt 3 sao để mở khóa bài hát này vĩnh viễn,Dapatkan 3 bintang untuk membuka lagu ini selamanya!,得到 3 颗星可以永久解锁这首歌！,獲得 3 顆星以永久解鎖這首歌！
TryPlay_3,Congratulations!,¡Enhorabuena!,Félicitations !,Herzlichen Glückwunsch!,Поздравляем!,おめでとう！,축하합니다!,Parabéns!,Xin chúc mừng!,Selamat!,恭喜！,恭喜！
TryPlay_4,You unlocked this song!,¡Has desbloqueado esta canción!,Vous avez déverrouillé ce morceau !,Sie haben diesen Song freigeschaltet!,Ты разблокировал эту песню!,この曲をアンロックしました！,이 곡을 열었습니다!,Você desbloqueou essa música!,Bạn đã mở khóa bài hát này!,Anda telah membuka lagu ini!,你解锁了这首歌！,您解鎖了這首歌曲！
TryPlay_5,Collect Notes to unlock the full version or buy now,Reúne notas para desbloquear la versión completa o cómprala ahora,Recueillez des notes pour débloquer la version complète ou achetez-la maintenant,Collect Notes to unlock the full version or buy now,Collect Notes to unlock the full version or buy now,メモを集めてフルバージョンをアンロックするか今すぐ購入,노트를 수집하여 전체 버전을 열거나 지금 구매,Colete notas para desbloquear a versão completa ou compre agora,Sưu tầm Notes để mở khóa toàn bộ bài hát!,Kumpulkan Nada untuk membuka versi baru atau beli sekarang,收集音符可解锁完整版或现在购买,收集音符以解鎖完整版本或立即購買
TodayChallenge,Today's Challenge,Desafío de hoy,Défi du jour,Die heutige Herausforderung,Сегодняшнее задание,今日の挑戦,오늘의 도전,Desafio de hoje,Thử thách hôm nay,Tantangan Hari Ini,今日挑战,今日挑戰
DISK_FULL,Your disk is always full!,¡Tu disco siempre está lleno!,Votre disque est toujours plein !,Ihre Festplatte ist immer voll!,Твой диск всегда полон!,ディスクがいつもいっぱいです！,디스크는 늘 꽉 차 있죠!,Seu disco está sempre cheio!,Bộ nhớ đã đầy!,Cakram Anda selalu penuh!,你的磁盘总是满的！,您的硬碟總是滿的！
READ_ERROR,Problem while reading a file. Please try the download again!,Problema al leer un archivo. ¡Intenta descargar de nuevo!,Problème lors de la lecture d'un fichier. Veuillez réessayer le téléchargement !,Beim Lesen einer Datei ist ein Fehler aufgetreten. Bitte versuchen Sie den Download erneut!,"Проблема при чтении файла. Пожалуйста, попробуй загрузить снова!",ファイルの読み込み中に問題が発生しました。もう一度ダウンロードしてみてください！,파일을 읽는 동안 문제가 발생했어요. 다시 다운로드해보세요!,"Não foi possível ler o arquivo. Por favor, tente baixar novamente!",Có lỗi khi mở bài hát. Hãy thử tải lại bài hát lần nữa!,Terjadi masalah ketika membaca berkas. Silakan coba unduh lagi!,读取文件时出错。请再次尝试下载！,讀取檔案時出現問題。請重新嘗試下載！
BUY_NOW,BUY NOW,COMPRAR AHORA,ACHETER,BUY NOW,КУПИ СЕЙЧАС,今すぐ購入,지금 구매하기,COMPRE AGORA,MUA,BELI SEKARANG,现在购买,立即購買
EVENT_MUSIC,MUSIC EVENT,EVENTO MUSICAL,ÉVÉNEMENT MUSICAL,MUSIC EVENT,МУЗЫКАЛЬНОЕ СОБЫТИЕ,音楽イベント,음악 이벤트,EVENTO DE MÚSICA,SỰ KiỆN ÂM NHẠC,ACARA MUSIK,音乐活动,音樂活動
NoteEventEarn,You achieved a Music Event Reward,Has logrado una recompensa por evento musical,Vous avez obtenu la récompense de l'événement musical,You achieved Music Event Reward,Вы достигли награды Music Event,音楽イベントリワードを獲得しました,음악 이벤트 보상을 획득했습니다,Você conseguiu uma Recompensa de Evento de Música,Bạn đã nhận được phần thưởng của sự kiện,Anda telah meraih Hadiah Acara Musik,你获得了音乐活动奖励,您取得了音樂活動獎勵
NoteEventNothingEarn,Collect Notes from Songs and Mystery Boxes for special event Song and Gifts,"Reúne notas de canciones y cajas misteriosas para el evento especial ""Canciones y regalos""",Recueillez des notes de chansons et des boîtes mystères pour l'événement spécial Chansons et Cadeaux,Collect Notes from Songs and Mystery Boxes for special event Song and Gifts,Соберите Заметки из Песен и Загадочных шкатулок для специального мероприятия Песня и Подарки,特別なイベント、曲とギフトのために曲とミステリーボックスからメモを集める,노래와 미스터리 상자에서 스페셜 이벤트 곡과 선물을 위한 노트 수집하기,Colete notas de músicas e caixas misteriosas para receber músicas especiais de eventos e presentes,Sưu tập Notes từ bài hát và Hộp quà để mở bài hát Hit và nhận quà,Kumpulkan Nada dari Lagu dan Kotak Misteri untuk Lagu dan Hadiah acara khusus,收集歌曲和神秘盒的音符，获得特别的活动歌曲和礼物,收集歌曲中的音符和神祕箱以獲得特殊活動歌曲和禮物
Treasure,Treasure,Tesoro,Trésor,Treasure,сокровище,宝,보물,Tesouro,Vật phẩm,Harta Karun,宝藏,寶物
DayLeft,day left,Queda 1 día,jour restant,day left,оставшийся день,日残っています,일 남음,dia restante,Ngày còn lại,hari lagi,剩余天数,剩餘天數
DaysLeft,days left,Quedan X días,jours restants,days left,осталось дней,日残っています,일 남음,dias restantes,Ngày còn lại,hari lagi,剩余天数,剩餘天數
Notes,Notes,Notas,Notes,Notes,ноты,メモ,노트,Notas,Notes,Nada,音符,音符
notes,notes,notas,notes,notes,ноты,メモ,노트,notas,Notes,nada,音符,音符
YouHave,You have,Tienes,Vous avez,You have,У тебя есть,あなたが持っているもの,가지고 있습니다,Você tem,Bạn có,Anda telah,你有,您有
Credit_1,Exploring INWAVE's design,Explora el diseño de INWAVE,Explorer le design d'INWAVE,Exploring INWAVE's design,Изучение дизайна INWAVE,INWAVEのデザインを見てみる,INWAVE 디자인 살펴보기,Explore o design INWAVE,Trải nghiệm thiết kế của INWAVE,Jelajahi desain INWAVE,探索 INWAVE 的设计,探索 INWAVE 的設計
Credit_2,with AMANOTES' content,con el contenido de AMANOTES,avec le contenu d'AMANOTES,with AMANOTES' content,Изучение дизайна INWAVE…,AMANOTESのコンテンツと一緒に,AMANOTES의 콘텐츠와 함께,com conteúdo AMANOTES,với nội dung của AMANOTE,dengan konten AMANOTES,用 AMANOTES 团队创作的内容,和 AMANOTES 的內容
NewHit,New Hit,Nuevo éxito,Nouveau succès,New Hit,Новый хит,新しいヒット,새 인기곡,Novo hit,Hit mới,Hit Baru,新的灵感,新熱門歌曲
NoteEventTryDes,Join our event to unlock the full version right now!,¡Únete a nuestro evento para desbloquear ahora la versión completa!,Rejoignez notre événement pour déverrouiller la version complète dès maintenant !,Join our event to unlock the full version right now!,"Присоединяйтесь к нашему событию, чтобы разблокировать полную версию прямо сейчас!",イベントに参加して今すぐフルバージョンをアンロック！,이벤트에 참여하여 지금 바로 전체 버전을 만나보세요!,Participe do nosso evento para desbloquear a versão completa agora mesmo!,Tham gia sự kiện để mở phiên bản đầy của của bài Hit,Bergabunglah dengan acara kami untuk membuka versi baru sekarang!,现在加入我们的活动，解锁完整版！,參加我們的活動，立即解鎖完整版！
JOIN_EVENT,JOIN EVENT,UNIRSE AL EVENTO,REJOIGNEZ L'ÉVÉNEMENT,JOIN EVENT,СОБЫТИЕ,イベントに参加,이벤트 참여,JUNTE-SE AO EVENTO,THAM GIA,BERGABUNG DENGAN ACARA,加入活动,參加活動
NoteEventUnlockSongDes,Congratulations! You have successfully unlocked a new song!,¡Enhorabuena! ¡Has desbloqueado con éxito una nueva canción!,Félicitations ! Vous avez débloqué un nouveau morceau avec succès !,Congratulations! You have successfully unlocked a new song!,Поздравляем! Вы успешно разблокировали новую песню!,おめでとうございます！ 新しい曲をアンロックしました！,축하합니다! 새 노래를 여는데 성공했습니다!,Parabéns! Você desbloqueou uma nova música!,Chúc mừng! Bạn đã mở bài hát mời thành công!,Selamat! Anda berhasil membuka lagu baru!,恭喜！你已成功解锁一首新歌！,恭喜！您已成功解鎖一首新歌！
NoteEventTryEndGameDes,Collect Notes to unlock the full version or buy now,Reúne notas para desbloquear la versión completa o cómprala ahora,Recueillez des notes pour déverrouiller la version complète ou achetez-la maintenant,Collect Notes to unlock the full version or buy now,"Соберите заметки, чтобы разблокировать полную версию или купить сейчас",フルバージョンをアンロックするためにメモを集めるか今すぐ購入する,노트를 수집하여 전체 버전을 열거나 지금 구매,Colete notas para desbloquear a versão completa ou compre agora,Sưu tầm Notes để mở phiên bản đầy đủ hoặc mua ngay!,Kumpulkan Nada untuk membuka versi penuh atau beli sekarang,收集音符可解锁完整版或现在购买,收集音符以解鎖完整版或立即購買
SECOND_CHANCE,SECOND CHANCE?,¿SEGUNDA OPORTUNIDAD?,DEUXIÈME CHANCE ?,SECOND CHANCE?,ВТОРОЙ ШАНС?,やり直しますか？,한 번 더 해볼까요?,SEGUNDA CHANCE?,CƠ HỘI THỨ 2,KESEMPATAN KEDUA?,第二次机会？,再一次機會？
REQUIRE_1_STAR,Require 1 star of,Necesitas 1 estrella de,Nécessite 1 étoile de,Require 1 star of,Требуется 1 звезда,星が1つ必要です,별 1개 필요:,Exige 1 estrela de,Yêu cầu đạt 1 sao ở,Membutuhkan 1 bintang dari,需要 1 颗星,需要 1 顆星的
REQUIRE_2_STAR,Require 2 stars of,Necesitas 2 estrellas de,Nécessite 2 étoiles de,Require 2 stars of,Требуется 2 звезды,星が2つ必要です,별 2개 필요:,Exige 2 estrelas de,Yêu cầu đạt 2 sao ở,Membutuhkan 2 bintang dari,需要 2 颗星,需要 2 顆星的
REQUIRE_3_STAR,Require 3 stars of,Necesitas 3 estrellas de,Nécessite 3 étoiles de,Require 3 stars of,Требуется 3 звезды,星が3つ必要です,별 3개 필요:,Exige 3 estrelas de,Yêu cầu đạt 3 sao ở,Membutuhkan 3 bintang dari,需要 3 颗星,需要 3 顆星的
MYSTERY_BOX,MYSTERY BOX,CAJA MISTERIOSA,BOITE MYSTÈRE,MYSTERY BOX,ТАЙНАЯ КОРОБКА,ミステリーボックス,미스터리 박스,CAIXA MISTERIOSA,HỘP QUÀ BÍ MẬT,KOTAK MISTERI,神秘盒,神秘箱
SUPER_BOX_GOLD,SUPER GOLD BOX,SUPER CAJA DORADA,SUPER BOÎTE D'OR,SUPER GOLD BOX,СУПЕР ЗОЛОТАЯ КОРОБКА,スーパーゴールドボックス,슈퍼 골드 박스,SUPER CAIXA DE OURO,HỘP QUÀ KHỦNG,KOTAK EMAS SUPER,超级黄金盒,超級黃金箱
HOT,HOT,CALIENTE,À LA UNE,HOT,ГОРЯЧИЙ,ホット,인기,QUENTE,HOT,PANAS,热门,熱門
VIBRATE,VIBRATE,VIBRAR,VIBRER,VIBRIEREN,свежий,バイブレーション機能,진동,VIBRAR,RUNG,BERGETAR,颤动,顫動
PRIVACY_POLICY,PRIVACY POLICY,POLÍTICA DE PRIVACIDAD,POLITIQUE DE CONFIDENTIALITÉ,DATENSCHUTZERKLÄRUNG,ПОЛИТИКА КОНФИДЕНЦИАЛЬНОСТИ,個人情報保護方針,개인정보 보호방침,POLÍTICA DE PRIVACIDADE,CHÍNH SÁCH BẢO MẬT,KEBIJAKAN PRIVASI,隐私政策,隱私政策
Scores,Scores,Contagem,Points,Partitur,множество,スコア,점수,Pontuações,Điểm,Skor,比分,比分
On,On,Activar,Activé,Ein,Включить,オン,켜기,Ligado,Bật,Nyala,开,開啟
Off,Off,Apagar,Désactivé,Aus,Выключить,オフ,끄기,Desligado,Tắt,Mati,关,關閉
LEADERBOARD,LEADERBOARD,TABLERO DE PUNTUACIONES,TABLEAU DE CLASSEMENT,RANGLISTE,ТАБЛИЦА РЕКОРДОВ,リーダーボード,순위표,MELHORES PONTUAÇÕES,Bảng xếp hạng,PAPAN PERINGKAT,排行榜,記分板
CREDIT_TEXT1,Exploring <color='#00E031'>INWAVE's</color> design collaboration with <color='#00E031'>AMANOTES'</color> content!,¡Explorando la colaboración de diseño de INWAVE con el contenido de AMANOTES!,Exploration de la collaboration conceptuelle d'INWAVE avec du contenu de AMANOTES!,"Entdecke ein Gemeinschaftswerk, das INWAVEs Design und AMANOTES Inhalte vereint!",Исследуем совместный дизайн INWAVE с контентом AMANOTES!,<color='#00E031'>INWAVE</color>のデザインと <color='#00E031'>AMANOTES</color>のコンテンツと のコラボレーション！,<color='#00E031'>INWAVE</color> 디자인과 <color='#00E031'>AMANOTES</color> 콘텐츠의 컬래버레이션을 살펴봅니다!,Explorando a colaboração de design da <color='#00E031'>INWAVE</color> com o conteúdo da <color='#00E031'>AMANOTES</color>!,Trải nghiệm thiết kế của <color=‘#00E031'>INWAVE's</color> và nội dung của <color=‘#00E031'>AMANOTES'</color>!,Menjelajahi kolaborasi desain INWAVE dengan konten AMANOTES!,探索 INWAVE 的设计与 AMANOTES内容的关联！,探索 INWAVE 的設計與 AMANOTES 合作的內容！
CREDIT_TEXT2,Meet our team,Conoce a nuestro equipo,Découvrez notre équipe,Lerne unser Team kennen,Встречайте нашу команду,チーム紹介,팀 소개,Conheça nossa equipe,Đội của chúng tôi,Temui tim kami,认识我们的团队,認識我們的團隊
DAILY_CHALLENGE,DAILY CHALLENGE,RETO DIARIO,CHALLENGE QUOTIDIEN,TÄGLICHE HERAUSFORDERUNG,ЕЖЕДНЕВНОЕ ИСПЫТАНИЕ,毎日の挑戦,일일 도전,DESAFIO DIÁRIO,THỬ THÁCH HÀNG NGÀY,TANTANGAN SEHARI-HARI,每日的挑战,每日的挑戰
Loading,Loading...,Cargando...,Chargement...,Beladung...,загрузка...,ロード中...,로딩 중...,Carregando...,Đang tải...,Pemuatan...,载入中...,載入中...
Downloading,Downloading data... Please wait!,"Descargando datos... ¡Espera, por favor!",Téléchargement des données... Veuillez patienter !,Daten werden heruntergeladen … Bitte warten!,"Данные загружаются... Пожалуйста, подождите!",データをダウンロードしています…お待ちください！,데이터 다운로드 중... 기다려 주세요!,"Baixando os dados... Por favor, aguarde!",Đang tải dữ liệu... Vui lòng chờ!,Mengunduh data... Harap tunggu!,正在下载数据…… 请稍后！,正在下載數據…請稍等！
View,View,Ver,Voir,Besichtigen,Посмотреть,見る,보기,Veja,Xem,Melihat,视图,視圖
YourScore,Your score :,Tu puntuación :,Ton score :,Ihre Punktzahl :,Ваш счет:,あなたのスコア：,내 점수 :,Sua pontuação:,Điểm của bạn :,Nilai Anda :,你的分数 :,你的分數 :
Score,Score,Puntuación,Général,Punkte,Счет,スコア,점수,Pontuação,Điểm,Skor,得分,分數
Received,Received,Recibido,Reçu,Empfangen,Получено,獲得,받음,Recebido,Đã nhận,Diterima,收到,收到
NEW_HIGHSCORE,NEW HIGHSCORE,NUEVA MEJOR PUNTUACIÓN,NOUVEAU RECORD,NEUER HIGHSCORE,НОВЫЙ РЕКОРД,新ハイスコア,새로운 최고 점수,NOVO PLACAR MÁXIMO,KỶ LỤC MỚI,SKOR TERTINGGI BARU,新高分,新高分
YES,YES,SÍ,OUI,JA,ДА,はい,예,SIM,CÓ,YA,是,是
NO,NO,NO,NON,NEIN,НЕТ,いいえ,아니요,NÃO,KHÔNG,TIDAK,否,否
PERMISSION_NEEDED,Permission Needed,Permiso requerido,Autorisation requise,Berechtigung erforderlich,Требуется разрешение,許可が必要です,권한이 필요합니다,Permissão necessária,Cấp quyền,Diperlukan Izin,需要权限,需要許可
PERMISSION_DESC,"To play your song, we need to access the phone's storage. After closing this pop-up, we request a permission:","Para reproducir tu canción, necesitamos acceso al almacenamiento del teléfono. Tras cerrar este mensaje, solicitaremos un permiso:","Pour jouer votre chanson, nous devons accéder à la mémoire du téléphone. \n Nous demanderons une autorisation après la fermeture de cette fenêtre","Um dein Lied wiedergeben zu können, benötigen wir Zugriff auf den Telefonspeicher. \n Nach Schließen dieses Pop-ups bitten wir um eine Berechtigung","Чтобы сыграть вашу песню, нам необходим доступ к хранилищу телефона. Мы попросим разрешение после того, как вы закроете это всплывающее окно:",曲をプレイするには、\n携帯電話のストレージに\nアクセスする必要があります。\nこのポップアップを閉じた後、\n次のストレージ,"노래를 플레이하려면, 스마트폰의 저장소에 접근해야 합니다. 이 팝업 창을 닫으면 다음 권한을 요청하게 됩니다.","Para tocar sua música, precisamos acessar o armazenamento do telefone. Após o fechamento dessa janela, solicitaremos uma permissão:","Để chơi được bài hát của bạn, chúng tôi cần quyền truy cập bộ nhớ lưu trữ","Untuk dapat memainkan lagu Anda, kami harus mengakses penyimpanan ponsel Anda. Setelah sembulan ini ditutup, kami akan meminta izin:",“我们需要访问手机存储空间以播放您的曲目。关闭此弹出窗口后，我们将申请权限：”,「要播放你的歌曲，我們需要取得手機裡的存儲空間。關閉此彈出視窗後，我們會請求權限：」
STORAGE,- Storage,- Almacenamiento,- Mémoire,- Speicher,— Хранилище,ストレージ,- 저장소,- Armazenamento,- Bộ nhớ lưu trữ,- Penyimpanan,- 存储空间,- 儲存空間
CONFIRM,Confirm,Confirmar,Confirmer,Bestätigen,Подтвердить,確認する,확인,Confirmar,Xác nhận,Konfirmasikan,确认,確認
TOUCH_SCREEN_CONTINUE,Touch to continue!,¡Toca para continuar!,Appuyez pour continuer !,Zum Fortfahren Bildschirm berühren!,"Нажмите, чтобы продолжить!",続けるには\nタッチしてください！,터치하여 계속하세요!,Toque para continuar!,Chạm vào màn hình để tiếp tục!,Sentuh untuk melanjutkan!,触摸以继续！,碰觸以繼續！
PUSH_4,♫ Enjoy music in Dancing Road now ♫,♫ Enjoy music in Dancing Road now ♫,♫ Enjoy music in Dancing Road now ♫,♫ Enjoy music in Dancing Road now ♫,♫ Наслаждайтесь музыкой на Танцующей дороге сейчас ♫,♫ 今すぐ『ダンシング・ロード』ゲームの音楽を楽しむ ♫,♫ 지금 바로 댄싱 로드의 음악을 즐겨보세요 ♫,♫ Enjoy music in Dancing Road now ♫,♫ Enjoy music in Dancing Road now ♫,♫ Enjoy music in Dancing Road now ♫,♫ Enjoy music in Dancing Road now ♫,♫ Enjoy music in Dancing Road now ♫
PUSH_5,♫ Time to play Dancing Road ♫,♫ Time to play Dancing Road ♫,♫ Time to play Dancing Road ♫,♫ Time to play Dancing Road ♫,♫ Время играть в Танцующий путь ♫,♫ 『ダンシング・ロード』をプレイしてみよう ♫,♫ 댄싱 로드를 플레이할 시간이에요 ♫,♫ Time to play Dancing Road ♫,♫ Time to play Dancing Road ♫,♫ Time to play Dancing Road ♫,♫ Time to play Dancing Road ♫,♫ Time to play Dancing Road ♫
PUSH_6,♫ EDM time. Dancing Road time ♫,♫ EDM time. Dancing Road time ♫,♫ EDM time. Dancing Road time ♫,♫ EDM time. Dancing Road time ♫,♫ время EDM. Танцевальная дорога время ♫,♫ 電子音のダンスミュージックで楽しもう。ダンシング・ロードの時間 ♫,♫ EDM을 즐길 시간. 댄싱 로드를 즐길 시간 ♫,♫ EDM time. Dancing Road time ♫,♫ EDM time. Dancing Road time ♫,♫ EDM time. Dancing Road time ♫,♫ EDM time. Dancing Road time ♫,♫ EDM time. Dancing Road time ♫
BACKGROUND_MUSIC,BACKGROUND MUSIC,MÚSICA DE FONDO,MUSIQUE DE FOND,HINTERGRUNDMUSIK,ФОНОВАЯ МУЗЫКА,バックグラウンドミュージック,배경음악,MÚSICA DE FUNDO,NHẠC NỀN,LATARBELAKANG MUSIK,背景音乐,背景音樂
Get,Get,Get,Get,Get,Получить,手に入れる,받기,Get,Get,Get,Get,Get
TRAIL,TRAIL,TRAIL,TRAIL,TRAIL,ПРОБНЫЙ,トレイル,코스,TRAIL,TRAIL,TRAIL,TRAIL,TRAIL
NewSongsUnlocked,New songs unlocked,New songs unlocked,New songs unlocked,New songs unlocked,Новые песни разблокированы,新しい曲がアンロックされました,열린 새 곡,New songs unlocked,New songs unlocked,New songs unlocked,New songs unlocked,New songs unlocked
PlayMySong,Play My Song,Play My Song,Play My Song,Play My Song,Слушать мою песню,マイソングを再生する,내 노래 플레이,Play My Song,Play My Song,Play My Song,Play My Song,Play My Song
FreeTrial,Free first,Free first,Free first,Free first,Сначала бесплатно,初回無料,첫 곡 무료,Free first,Free first,Free first,Free first,Free first
WatchAds,Watch a video,Watch a video,Watch a video,Watch a video,Смотреть видео,動画広告を見る,동영상 보기,Watch a video,Watch a video,Watch a video,Watch a video,Watch a video
LOADING_MP3_FILE,LOADING MP3 FILE...,LOADING MP3 FILE...,LOADING MP3 FILE...,LOADING MP3 FILE...,ЗАГРУЗКА ФАЙЛА MP3 …,MP3ファイルを読み込んでいます...,MP3 파일 로딩 중...,LOADING MP3 FILE...,LOADING MP3 FILE...,LOADING MP3 FILE...,LOADING MP3 FILE...,LOADING MP3 FILE...
MISSING_MP3_FILE,MISSING MP3 FILE!,MISSING MP3 FILE!,MISSING MP3 FILE!,MISSING MP3 FILE!,Пропущенный MP3-файл!,MP3ファイルが見つかりません！,MP3 파일이 없습니다!,MISSING MP3 FILE!,MISSING MP3 FILE!,MISSING MP3 FILE!,MISSING MP3 FILE!,MISSING MP3 FILE!
READING_MUSIC_SHEET,READING MUSIC SHEET...,READING MUSIC SHEET...,READING MUSIC SHEET...,READING MUSIC SHEET...,ЧТЕНИЕ МУЗЫКАЛЬНОГО ЛИСТА …,音楽ファイルを分析しています...,악보 읽는 중...,READING MUSIC SHEET...,READING MUSIC SHEET...,READING MUSIC SHEET...,READING MUSIC SHEET...,READING MUSIC SHEET...
IMPORT_FILE_DONE,IMPORT FILE DONE!,IMPORT FILE DONE!,IMPORT FILE DONE!,IMPORT FILE DONE!,ИМПОРТ ФАЙЛ СДЕЛАН!,ファイルのインポートが完了しました！,파일을 가져왔습니다!,IMPORT FILE DONE!,IMPORT FILE DONE!,IMPORT FILE DONE!,IMPORT FILE DONE!,IMPORT FILE DONE!
DONE,DONE,DONE,DONE,DONE,СДЕЛАНО,完了,완료,DONE,DONE,DONE,DONE,DONE
FAILED,FAILED,FAILED,FAILED,FAILED,НЕ УДАЛОСЬ,失敗,실패,FAILED,FAILED,FAILED,FAILED,FAILED
PERMISSION_STEP2_DESC,You was denied Storage permission. Please enable it in the app settting:,You was denied Storage permission. Please enable it in the app settting:,You was denied Storage permission. Please enable it in the app settting:,You was denied Storage permission. Please enable it in the app settting:,"Вам было отказано в разрешении на хранение. Пожалуйста, включите его в настройках приложения:",ストレージへのアクセスが拒否されました。アプリの設定で有効にしてください：,저장소 권한이 거부되었습니다. 다음 앱 설정에서 활성화해주세요.,You was denied Storage permission. Please enable it in the app settting:,Bạn đã từ chối quyền truy cập bộ nhớ. Vui lòng bật lại nó trong cài đặt ứng dụng,You was denied Storage permission. Please enable it in the app settting:,You was denied Storage permission. Please enable it in the app settting:,You was denied Storage permission. Please enable it in the app settting:
RATE_FOR_US,RATE FOR US,RATE FOR US,RATE FOR US,RATE FOR US,ЦЕНА ДЛЯ НАС,アプリを評価する,평가 남기기,RATE FOR US,RATE FOR US,RATE FOR US,RATE FOR US,RATE FOR US
WriteAComment,Write a comment,Write a comment,Write a comment,Write a comment,Написать комментарий,コメントを書く,의견 쓰기,Write a comment,Write a comment,Write a comment,Write a comment,Write a comment
SUBMIT,SUBMIT,SUBMIT,SUBMIT,SUBMIT,РАЗМЕСТИТЬ,送信する,제출,SUBMIT,SUBMIT,SUBMIT,SUBMIT,SUBMIT
CommentHolder,Comment...,Comment...,Comment...,Comment...,Комментарий…,コメント...,의견...,Comment...,Comment...,Comment...,Comment...,Comment...
ERROR_GET_PACKAGE,Error when get package information!,Error when get package information!,Error when get package information!,Error when get package information!,Ошибка при получении информации о пакете!,パッケージ情報の取得時にエラーが発生しました！,패키지 정보를 가져오는 동안 오류가 발생했어요!,Error when get package information!,Error when get package information!,Error when get package information!,Error when get package information!,Error when get package information!
START_SUBSCRIPTION,START SUBSCRIPTION,START SUBSCRIPTION,START SUBSCRIPTION,START SUBSCRIPTION,НАЧАТЬ ПОДПИСКУ,定額制サービスを開始する,구독 시작,START SUBSCRIPTION,START SUBSCRIPTION,START SUBSCRIPTION,START SUBSCRIPTION,START SUBSCRIPTION
UNLOCK_ALL_VIP_SONGS,Unlock all VIP songs,Unlock all VIP songs,Unlock all VIP songs,Unlock all VIP songs,Разблокировать все VIP песни,すべてのVIP曲をアンロックする,VIP 노래 모두 열기,Unlock all VIP songs,Unlock all VIP songs,Unlock all VIP songs,Unlock all VIP songs,Unlock all VIP songs
FREE_GOLD_EVERYDAY,{0} free gold everyday,{0} free gold everyday,{0} free gold everyday,{0} free gold everyday,{0} бесплатное золото каждый день,{0}毎日無料ゴールド,매일 무료 골드 {0}개,{0} free gold everyday,{0} free gold everyday,{0} free gold everyday,{0} free gold everyday,{0} free gold everyday
SUB_DESC,{0} DAYS FREE TRIAL THEN {1} / WEEK,{0} DAYS FREE TRIAL THEN {1} / WEEK,{0} DAYS FREE TRIAL THEN {1} / WEEK,{0} DAYS FREE TRIAL THEN {1} / WEEK,{0} DAYS FREE TRIAL THEN {1} / WEEK,{0} DAYS FREE TRIAL THEN {1} / WEEK,{0}일 무료 체험판 이후 매주 {1}개,{0} DAYS FREE TRIAL THEN {1} / WEEK,{0} DAYS FREE TRIAL THEN {1} / WEEK,{0} DAYS FREE TRIAL THEN {1} / WEEK,{0} DAYS FREE TRIAL THEN {1} / WEEK,{0} DAYS FREE TRIAL THEN {1} / WEEK
SUB_DESC_DISCOUNT,{0} DAYS FREE TRIAL THEN,{0} DAYS FREE TRIAL THEN,{0} DAYS FREE TRIAL THEN,{0} DAYS FREE TRIAL THEN,{0} DAYS FREE TRIAL THEN,{0} DAYS FREE TRIAL THEN,{0}일 무료 체험판 이후,{0} DAYS FREE TRIAL THEN,{0} DAYS FREE TRIAL THEN,{0} DAYS FREE TRIAL THEN,{0} DAYS FREE TRIAL THEN,{0} DAYS FREE TRIAL THEN
SUB_DESC_UR,{0} days Free Trial then {1} / week,{0} days Free Trial then {1} / week,{0} days Free Trial then {1} / week,{0} days Free Trial then {1} / week,{0} days Free Trial then {1} / week,{0} days Free Trial then {1} / week,{0}일 무료 체험판 이후 매주 {1}개,{0} days Free Trial then {1} / week,{0} days Free Trial then {1} / week,{0} days Free Trial then {1} / week,{0} days Free Trial then {1} / week,{0} days Free Trial then {1} / week
NOPOPUP_ADS,No pop-up ads,No pop-up ads,No pop-up ads,No pop-up ads,Нет всплывающей рекламы,ポップアップ広告なし,팝업 광고 없음,No pop-up ads,Không pop-up quảng cáo,No pop-up ads,No pop-up ads,No pop-up ads
CANCEL_ANYTIME,Cancel anytime,Cancel anytime,Cancel anytime,Cancel anytime,Отменить в любое время,いつでもキャンセル可能,언제든지 취소 가능,Cancel anytime,Cancel anytime,Cancel anytime,Cancel anytime,Cancel anytime
CHOOSE_FAVORITE,Choose your favorite,Choose your favorite,Choose your favorite,Choose your favorite,Выбери свой любимый,お気に入りを選ぶ,선택할 선호하는:,Choose your favorite,Chọn yêu thích,Choose your favorite,Choose your favorite,Choose your favorite
ARTIST,ARTIST,ARTIST,ARTIST,ARTIST,ХУДОЖНИК,アーティスト,아티스트,ARTIST,NGHỆ SỸ,ARTIST,ARTIST,ARTIST
GENRE,GENRE,GENRE,GENRE,GENRE,ЖАНР,ジャンル,장르,GENRE,THỂ LOẠI,GENRE,GENRE,GENRE
NEXT,NEXT,NEXT,NEXT,NEXT,СЛЕДУЮЩИЙ,次,다음,NEXT,NEXT,NEXT,NEXT,NEXT
ENJOY_5KSONGS,Enjoy 5000+ songs!,Enjoy 5000+ songs!,Enjoy 5000+ songs!,Enjoy 5000+ songs!,Наслаждайтесь 2000+ песен!,2000曲以上の曲を楽しもう！,"5,000곡 이상 즐겨보세요!",Enjoy 5000+ songs!,Enjoy 5000+ songs!,Enjoy 5000+ songs!,Enjoy 5000+ songs!,Enjoy 5000+ songs!
TOP_HIT_DESC,Top hits from all genres. Update Weekly,Top hits from all genres. Update Weekly,Top hits from all genres. Update Weekly,Top hits from all genres. Update Weekly,Лучшие хиты всех жанров. Обновление Еженедельно,あらゆるジャンルのヒット曲。毎週更新,모든 장르의 최고 인기곡. 매주 업데이트,Top hits from all genres. Update Weekly,Top hits from all genres. Update Weekly,Top hits from all genres. Update Weekly,Top hits from all genres. Update Weekly,Top hits from all genres. Update Weekly
JUMP_ALONG,Jump along to popular songs!,¡Salta a las canciones populares!,Accédez aux chansons populaires!,Springe zu beliebten Songs!,Перейти к популярным песням!,人気曲にあわせてジャンプしよう！,인기 있는 곡을 따라 뛰어오르세요!,Ir para músicas populares!,Phiêu cùng những bài hát nổi tiếng!,Ikuti lagu-lagu populer!,跳到流行歌曲！,跳到流行歌曲！
SUB_DES_2,#ERROR!,#ERROR!,#ERROR!,#ERROR!,#ERROR!,#ERROR!,#오류가 발생했어요!,#ERROR!,#ERROR!,#ERROR!,#ERROR!,#ERROR!
BtnPrivacyPolicy,Privacy Policy,Política de privacidad,Politique de confidentialité,Datenschutz-Bestimmungen,политика конфиденциальности,個人情報保護方針,개인정보 보호방침,Política de Privacidade,Chính sách bảo mật,Kebijakan pribadi,隐私政策,隱私政策
BtnTermsOfService,Terms Of Service,Términos de servicio,Conditions d'utilisation,Nutzungsbedingungen,Условия обслуживания,サービス利用規約,이용약관,Termos de serviço,Điều khoản dịch vụ,Ketentuan Layanan,服务条款,服務條款
VIP_ACCESS,VIP ACCESS,ACCESO VIP,ACCÈS VIP,VIP-ZUGRIFF,VIP ДОСТУП,VIPアクセス,VIP 이용,ACESSO VIP,NÂNG CẤP VIP,AKSES VIP,贵宾通道,貴賓通道
DAILY_VIP_REWARD,DAILY VIP REWARD,PREMIO DIARIO VIP,RÉCOMPENSE VIP QUOTIDIENNE,TÄGLICHE VIP-BELOHNUNG,Ежедневная VIP Награда,デイリー VIP報酬,일일 VIP 보상,RECOMPENSA VIP DIÁRIA,THƯỞNG VIP HÀNG NGÀY,HADIAH VIP HARIAN,每日VIP奖励,每日VIP獎勵
DAILY_VIP_DES,Thank you for upgrading to VIP Membership,Gracias por actualizar a Membresía VIP,Merci de passer à l'adhésion VIP,Vielen Dank für das Upgrade auf die VIP-Mitgliedschaft,Спасибо за переход на VIP-членство,VIP会員にアップグレードしていただきありがとうございます,VIP 멤버십으로 업그레이드해주셔서 감사합니다,Obrigado por atualizar para a Associação VIP,Cảm ơn bạn đã nâng cấp lên thành viên VIP,Terima kasih telah meningkatkan ke Keanggotaan VIP,感谢您升级为VIP会员,感謝您升級為VIP會員
VIP_REWARD,VIP REWARD,PREMIO VIP,RÉCOMPENSE VIP,VIP BELOHNUNG,VIP НАГРАДА,VIP報酬,VIP 보상,RECOMPENSA VIP,THƯỞNG VIP,HADIAH VIP,VIP奖励,VIP獎勵
UNLOCK_BIG_BUTTON,UNLOCK,DESBLOQUEO,DÉVERROUILLER,ENTSPERREN,ОТКРЫТЬ,アンロックする,열기,DESBLOQUEAR,MỞ,UNLOCK,解锁,解鎖
DAYS_LEFT,{0} Days Left,{0} Days Left,{0} Days Left,{0} Days Left,{0} Days Left,{0} Days Left,{0}일 남음,{0} Days Left,{0} Days Left,{0} Days Left,{0} Days Left,{0} Days Left
LAST_DAY,Last Day,Last Day,Last Day,Last Day,Last Day,Last Day,마지막 날,Last Day,Last Day,Last Day,Last Day,Last Day
AFTER_LAST_DAY,After Last Day,After Last Day,After Last Day,After Last Day,After Last Day,After Last Day,마지막 날 이후,After Last Day,After Last Day,After Last Day,After Last Day,After Last Day
UNLOCKED_ENDLESS_MODE,Unlocked Endless Mode,Unlocked Endless Mode,Unlocked Endless Mode,Unlocked Endless Mode,Unlocked Endless Mode,Unlocked Endless Mode,무한 모드가 열림,Unlocked Endless Mode,Unlocked Endless Mode,Unlocked Endless Mode,Unlocked Endless Mode,Unlocked Endless Mode
NO_THANKS,No thanks,"No, gracias",Non merci,"Nein, danke","Нет, спасибо",いいえ、結構です,"아니요, 괜찮아요","Não, obrigado","KHÔNG, CẢM ƠN","Tidak, terima kasih",不，谢谢,不用了，謝謝
SCANNING,Scanning...,Scanning,Numérisation…,Scannt...,Сканирование...,スキャン中です...,스캔 중,Escaneando...,Đang quét,Memindai...,正在扫描……,掃描中⋯⋯
SEARCH,Search,Search,Recherche,Suche,Поиск,検索,검색,Procurar,Tìm kiếm,Cari,搜索,搜尋
PROCESSING_FOLDERS_PLEASE_WAIT,"Mp3 files searching, please wait ...",Processing folders ... Please wait ...,"Recherche de fichiers MP3 en cours, veuillez patienter…","Sucht nach MP3-Dateien, bitte warten ...","Поиск файлов Mp3, пожалуйста, подождите...",MP3ファイル検索中です、お待ちください...,"MP3 파일 검색 중이니, 기다려 주세요...","Pesquisando arquivos MP3, aguarde ...",Đang xử lý thư mục ... Vui lòng đợi ...,"Sedang mencari file Mp3, harap tunggu...",正在搜索 mp3 文件，请稍候…,搜尋 Mp3 檔案中，請稍候⋯⋯
NO_MP3_FILE_CAN_IMPORT,No Mp3 file imported!,No Mp3 file can import!,Aucun fichier MP3 importé !,Keine MP3-Dateien importiert!,Ни один файл Mp3 не импортирован!,MP3ファイルはインポートされませんでした！,가져온 MP3 파일이 없습니다!,Nenhum arquivo MP3 importado!,Không có bài mp3 nào để nhập!,Tidak ada file Mp3 yang diimpor!,没有导入的 mp3 文件！,無 Mp3 檔案匯入！
IMPORT_YOUR_SONGS,IMPORT MY SONG (MP3),IMPORTAR MI CANCIÓN (MP3),IMPORTER MA CHANSON (MP3),MEIN LIED IMPORTIEREN (MP3),ИМПОРТИРОВАТЬ МОЮ ПЕСНЮ (MP3),自分の曲をインポートする（MP3）,내 노래 가져오기(MP3),IMPORTAR MINHA MÚSICA (MP3),THÊM BÀI HÁT CỦA BẠN (MP3),IMPOR LAGU SAYA (MP3),导入我的曲目 (MP3),上傳我的歌曲 (MP3)
ASK_IMPORT,Continue import?,¿Continuar importación?,Continuer l'importation?,Importieren fortsetzen?,Продолжить импорт?,インポートを続けますか？,가져오기를 계속할까요?,Continuar importação?,Bạn có muốn thêm bài hát này?,Lanjutkan mengimpor?,是否继续导入？,繼續上傳？
IMPORTING,Importing...,Importando...,Importation en cours...,Importiere …,Идет импорт...,インポート中…,가져오는 중...,Importando...,Đang xử lý...,Mengimpor...,正在导入……,上傳中...
SUCCESSFULLY,Successful!,¡Importación correcta!,Importation réussie !,Vorgang erfolgreich abgeschlossen!,Готово!,成功！,성공!,Sucesso!,Thành công!,Berhasil!,成功！,成功！
FREE_FIRST_TIME,Free Trial,Prueba gratis,Essai gratuit,Kostenlose Testversion,Бесплатный пробный период,無料トライアル,무료 체험판,Teste grátis,Miễn phí lần đầu,Coba Gratis,免费试玩,免費試用
EMPTY_FOLDER,Empty folder!,¡Carpeta vacía!,Dossier vide !,Leerer Ordner!,Пустая папка!,フォルダが空です！,빈 폴더입니다!,Pasta vazia!,Thư mục rỗng!,Folder kosong!,空文件夹！,空文件夾！
MISSING_SONG_FILE,The song has been removed or renamed. \n Please correct it:,"La canción ha sido borrada o renombrada. \n Por favor, corrígelo:",La chanson a été supprimée ou renommée. \n Veuillez corriger :,Dieses Lied wurde entfernt oder umbenannt. \n Bitte behebe den Fehler:,"Песня была удалена или переименована. \n Пожалуйста, исправьте:",曲は削除されたか名前が変更されました。修正してください：,곡이 삭제되었거나 이름이 바뀌었습니다. \n 수정해 주세요.,"A música foi removida ou renomeada. \n Por favor, corrija-a:",Bài hát đã bị xoá hoặc đổi tên. \n Vui lòng kiểm tra lại:,Lagu ini telah dihapus atau dinamai ulang. \n Harap perbaiki:,该曲目已被删除或重新命名。请更正：,該歌曲已被刪除或重新命名。\n 請更正：
UNLIMITED_REVIVE,UNLIMITED REVIVE,UNLIMITED REVIVE,UNLIMITED REVIVE,UNLIMITED REVIVE,UNLIMITED REVIVE,やり直し回数無制限,무제한 부활,UNLIMITED REVIVE,UNLIMITED REVIVE,UNLIMITED REVIVE,UNLIMITED REVIVE,UNLIMITED REVIVE
UnlimitedRevive,Unlimited Revive,Unlimited Revive,Unlimited Revive,Unlimited Revive,Unlimited Revive,やり直し回数無制限,무제한 부활,Unlimited Revive,Unlimited Revive,Unlimited Revive,Unlimited Revive,Unlimited Revive
RevivalLeft,{0} revival left,{0} revival left,{0} revival left,{0} revival left,{0} revival left,残り{0}回やり直し可能,{0}번의 부활 남음,{0} revival left,{0} revival left,{0} revival left,{0} revival left,{0} revival left
RevivalsLeft,{0} revivals left,{0} revivals left,{0} revivals left,{0} revivals left,{0} revivals left,残り{0}回やり直し可能,{0}번의 부활 남음,{0} revivals left,{0} revivals left,{0} revivals left,{0} revivals left,{0} revivals left
SUB_UR_DES_1,Infinite revives,Infinite revives,Infinite revives,Infinite revives,Infinite revives,やり直し回数無限,무한 부활,Infinite revives,Infinite revives,Infinite revives,Infinite revives,Infinite revives
SUB_UR_DES_2,Watch 0 ads to revive,Watch 0 ads to revive,Watch 0 ads to revive,Watch 0 ads to revive,Watch 0 ads to revive,0個の広告を見てやり直し,광고 0개 보고 부활하기,Watch 0 ads to revive,Watch 0 ads to revive,Watch 0 ads to revive,Watch 0 ads to revive,Watch 0 ads to revive
SUB_UR_DES_3,Unlock all songs,Unlock all songs,Unlock all songs,Unlock all songs,Unlock all songs,全ての曲をアンロック,모든 노래 열기,Unlock all songs,Unlock all songs,Unlock all songs,Unlock all songs,Unlock all songs
SUB_UR_DES_4,No pop-up ADS experience,No pop-up ADS experience,No pop-up ADS experience,No pop-up ADS experience,No pop-up ADS experience,ポップアップ広告なしでプレイ,팝업 광고 없는 환경,No pop-up ADS experience,No pop-up ADS experience,No pop-up ADS experience,No pop-up ADS experience,No pop-up ADS experience
LimitedDes1,YOU CAN ONLY PLAY <color=red>{0} TIMES LEFT</color> TODAY. <u>PLAY MORE</u>,YOU CAN ONLY PLAY <color=red>{0} TIMES LEFT</color> TODAY. <u>PLAY MORE</u>,YOU CAN ONLY PLAY <color=red>{0} TIMES LEFT</color> TODAY. <u>PLAY MORE</u>,YOU CAN ONLY PLAY <color=red>{0} TIMES LEFT</color> TODAY. <u>PLAY MORE</u>,YOU CAN ONLY PLAY <color=red>{0} TIMES LEFT</color> TODAY. <u>PLAY MORE</u>,今日は残り<color=red>{0}回</color>しかプレイできません。<u>さらにプレイ</u>,오늘 플레이할 수 있는 기회가 단 <color=red>{0}번 남았어요</color>. <u>더 플레이 하기</u>,YOU CAN ONLY PLAY <color=red>{0} TIMES LEFT</color> TODAY. <u>PLAY MORE</u>,YOU CAN ONLY PLAY <color=red>{0} TIMES LEFT</color> TODAY. <u>PLAY MORE</u>,YOU CAN ONLY PLAY <color=red>{0} TIMES LEFT</color> TODAY. <u>PLAY MORE</u>,YOU CAN ONLY PLAY <color=red>{0} TIMES LEFT</color> TODAY. <u>PLAY MORE</u>,YOU CAN ONLY PLAY <color=red>{0} TIMES LEFT</color> TODAY. <u>PLAY MORE</u>
LimitedDes2,YOU CAN ONLY PLAY <color=red>1 TIME LEFT</color> TODAY. <u>PLAY MORE</u>,YOU CAN ONLY PLAY <color=red>1 TIME LEFT</color> TODAY. <u>PLAY MORE</u>,YOU CAN ONLY PLAY <color=red>1 TIME LEFT</color> TODAY. <u>PLAY MORE</u>,YOU CAN ONLY PLAY <color=red>1 TIME LEFT</color> TODAY. <u>PLAY MORE</u>,YOU CAN ONLY PLAY <color=red>1 TIME LEFT</color> TODAY. <u>PLAY MORE</u>,今日は残り<color=red>1回</color>しかプレイできません。<u>さらにプレイ</u>,오늘 플레이할 수 있는 기회가 단 <color=red> 1번 남았어요</color>. <u>더 플레이 하기</u>,YOU CAN ONLY PLAY <color=red>1 TIME LEFT</color> TODAY. <u>PLAY MORE</u>,YOU CAN ONLY PLAY <color=red>1 TIME LEFT</color> TODAY. <u>PLAY MORE</u>,YOU CAN ONLY PLAY <color=red>1 TIME LEFT</color> TODAY. <u>PLAY MORE</u>,YOU CAN ONLY PLAY <color=red>1 TIME LEFT</color> TODAY. <u>PLAY MORE</u>,YOU CAN ONLY PLAY <color=red>1 TIME LEFT</color> TODAY. <u>PLAY MORE</u>
DAILY_RESTRICTED,DAILY RESTRICTED!,DAILY RESTRICTED!,DAILY RESTRICTED!,DAILY RESTRICTED!,DAILY RESTRICTED!,今日のプレイ回数の上限に達しました！,일일 한도에 다다랐습니다!,DAILY RESTRICTED!,DAILY RESTRICTED!,DAILY RESTRICTED!,DAILY RESTRICTED!,DAILY RESTRICTED!
NewFeatureDes1,You have used up your {0} times of playing the game today.,You have used up your {0} times of playing the game today.,You have used up your {0} times of playing the game today.,You have used up your {0} times of playing the game today.,You have used up your {0} times of playing the game today.,今日はプレイ回数の上限である{0}回に達しました。,오늘 게임을 플레이할 수 있는 {0}번의 기회를 전부 사용했습니다.,You have used up your {0} times of playing the game today.,You have used up your {0} times of playing the game today.,You have used up your {0} times of playing the game today.,You have used up your {0} times of playing the game today.,You have used up your {0} times of playing the game today.
NewFeatureDes2,To your next play,To your next play,To your next play,To your next play,To your next play,もう1回プレイしますか,다음 플레이로,To your next play,To your next play,To your next play,To your next play,To your next play
WANT_TO_PLAY_NOW,I WANT TO PLAY NOW,I WANT TO PLAY NOW,I WANT TO PLAY NOW,I WANT TO PLAY NOW,I WANT TO PLAY NOW,今すぐプレイ,지금 플레이할래요,I WANT TO PLAY NOW,I WANT TO PLAY NOW,I WANT TO PLAY NOW,I WANT TO PLAY NOW,I WANT TO PLAY NOW
WILL_WAIT,I'LL WAIT,I'LL WAIT,I'LL WAIT,I'LL WAIT,I'LL WAIT,後で,기다릴래요,I'LL WAIT,I'LL WAIT,I'LL WAIT,I'LL WAIT,I'LL WAIT
PLAY_ALL_2000_SONGS,Play all 2000 hot songs without limitation every day,Play all 2000 hot songs without limitation every day,Play all 2000 hot songs without limitation every day,Play all 2000 hot songs without limitation every day,Play all 2000 hot songs without limitation every day,毎日2000曲のホットな音楽に合わせて制限なくプレイ,"매일 무제한으로 인기 있는 2,000곡 모두 플레이하기",Play all 2000 hot songs without limitation every day,Play all 2000 hot songs without limitation every day,Play all 2000 hot songs without limitation every day,Play all 2000 hot songs without limitation every day,Play all 2000 hot songs without limitation every day
SUB_NOR_DES_1,Unlock 2000+ songs,Unlock 2000+ songs,Unlock 2000+ songs,Unlock 2000+ songs,Unlock 2000+ songs,2000曲を超える音楽をアンロック,"2,000곡 이상 열기",Unlock 2000+ songs,Unlock 2000+ songs,Unlock 2000+ songs,Unlock 2000+ songs,Unlock 2000+ songs
SUB_NOR_DES_2,No daily restriction,No daily restriction,No daily restriction,No daily restriction,No daily restriction,日々のプレイ回数の上限なし,일일 제한 없음,No daily restriction,No daily restriction,No daily restriction,No daily restriction,No daily restriction
SUB_NOR_DES_3,100 free gold everyday,100 free gold everyday,100 free gold everyday,100 free gold everyday,100 free gold everyday,毎日100フリーゴールド進呈,매일 무료 골드 100개,100 free gold everyday,100 free gold everyday,100 free gold everyday,100 free gold everyday,100 free gold everyday
VipDesLimited,No pop-up ads and daily restriction,No pop-up ads and daily restriction,No pop-up ads and daily restriction,No pop-up ads and daily restriction,No pop-up ads and daily restriction,ポップアップ広告も日々のプレイ回数の上限もなし,팝업 광고 및 일일 제한 없음,No pop-up ads and daily restriction,No pop-up ads and daily restriction,No pop-up ads and daily restriction,No pop-up ads and daily restriction,No pop-up ads and daily restriction
IDFADes1,To allow us to offer free features and avoid unrelated ads,To allow us to offer free features and avoid unrelated ads,To allow us to offer free features and avoid unrelated ads,To allow us to offer free features and avoid unrelated ads,To allow us to offer free features and avoid unrelated ads,無料機能を提供して関心のない広告が表示されるのを防ぐため,무료 기능을 받고 관련 없는 광고를 보지 않기 위해,To allow us to offer free features and avoid unrelated ads,To allow us to offer free features and avoid unrelated ads,To allow us to offer free features and avoid unrelated ads,To allow us to offer free features and avoid unrelated ads,To allow us to offer free features and avoid unrelated ads
IDFADes2,Your information is only used in this capacity\nPlease allow tracking on the next screen,Your information is only used in this capacity\nPlease allow tracking on the next screen,Your information is only used in this capacity\nPlease allow tracking on the next screen,Your information is only used in this capacity\nPlease allow tracking on the next screen,Your information is only used in this capacity\nPlease allow tracking on the next screen,お客様の情報はこの目的のみに使用されます\n次の画面でトラッキングを許可してください,사용자 정보는 이 역할로만 사용됩니다\n다음 화면에서 추적을 허용해 주세요,Your information is only used in this capacity\nPlease allow tracking on the next screen,Your information is only used in this capacity\nPlease allow tracking on the next screen,Your information is only used in this capacity\nPlease allow tracking on the next screen,Your information is only used in this capacity\nPlease allow tracking on the next screen,Your information is only used in this capacity\nPlease allow tracking on the next screen
IDFADes3,Dancing Road would like permision to track you across apps and websites owned by other companies. This will only be used to serve more relevant ads,Dancing Road would like permision to track you across apps and websites owned by other companies. This will only be used to serve more relevant ads,Dancing Road would like permision to track you across apps and websites owned by other companies. This will only be used to serve more relevant ads,Dancing Road would like permision to track you across apps and websites owned by other companies. This will only be used to serve more relevant ads,Dancing Road would like permision to track you across apps and websites owned by other companies. This will only be used to serve more relevant ads,Dancing Roadは他社が所有するアプリおよびウェブサイトでお客様をトラッキングする許可を求めています。より関心に即した広告を表示する目的のみで使用されます。,Dancing Road에서 다른 회사가 소유한 앱과 웹사이트를 거쳐 사용자를 추적할 수 있도록 하는 권한을 요청합니다. 이는 더 많은 관련 광고를 제공하는 데만 사용됩니다.,Dancing Road would like permision to track you across apps and websites owned by other companies. This will only be used to serve more relevant ads,Dancing Road would like permision to track you across apps and websites owned by other companies. This will only be used to serve more relevant ads,Dancing Road would like permision to track you across apps and websites owned by other companies. This will only be used to serve more relevant ads,Dancing Road would like permision to track you across apps and websites owned by other companies. This will only be used to serve more relevant ads,Dancing Road would like permision to track you across apps and websites owned by other companies. This will only be used to serve more relevant ads
Notnow,Not now,Not now,Not now,Not now,Not now,後で,지금 안 함,Not now,Not now,Not now,Not now,Not now
DontAllow,Don't Allow,Don't Allow,Don't Allow,Don't Allow,Don't Allow,許可しない,허용 안 함,Don't Allow,Don't Allow,Don't Allow,Don't Allow,Don't Allow
OK,OK,OK,OK,OK,OK,OK,확인,OK,OK,OK,OK,OK
SongSearchHolder,"Songs, Artists","Songs, Artists","Songs, Artists","Songs, Artists","Songs, Artists",曲、アーティスト,"노래, 아티스트","Songs, Artists","Songs, Artists","Songs, Artists","Songs, Artists","Songs, Artists"
SON_TUNG_MTP,SON TUNG MPT,SON TUNG MPT,SON TUNG MPT,SON TUNG MPT,SON TUNG MPT,SON TUNG M-TP,SON TUNG MPT,SON TUNG MPT,SON TUNG MPT,SON TUNG MPT,SON TUNG MPT,SON TUNG MPT
EDM,EDM,EDM,EDM,EDM,EDM,EDM,EDM,EDM,EDM,EDM,EDM,EDM
DANCE,DANCE,DANCE,DANCE,DANCE,DANCE,ダンス,댄스,DANCE,DANCE,DANCE,DANCE,DANCE
ROCK,ROCK,ROCK,ROCK,ROCK,ROCK,ロック,록,ROCK,ROCK,ROCK,ROCK,ROCK
CLASSICAL,CLASSICAL,CLASSICAL,CLASSICAL,CLASSICAL,CLASSICAL,クラシック,클래식,CLASSICAL,CLASSICAL,CLASSICAL,CLASSICAL,CLASSICAL
POP,POP,POP,POP,POP,POP,ポップ,팝,POP,POP,POP,POP,POP
OTHER,OTHER,OTHER,OTHER,OTHER,OTHER,その他,기타,OTHER,OTHER,OTHER,OTHER,OTHER
POPULAR,POPULAR,POPULAR,POPULAR,POPULAR,POPULAR,人気,인기,POPULAR,POPULAR,POPULAR,POPULAR,POPULAR
SUB_NEWUI_DES_1,Unlock 2000+ songs,Unlock 2000+ songs,Unlock 2000+ songs,Unlock 2000+ songs,Unlock 2000+ songs,2000曲を超える音楽をアンロック,"2,000곡 이상 열기",Unlock 2000+ songs,Unlock 2000+ songs,Unlock 2000+ songs,Unlock 2000+ songs,Unlock 2000+ songs
SUB_NEWUI_DES_2,No Ads,No Ads,No Ads,No Ads,No Ads,広告非表示,광고 없음,No Ads,No Ads,No Ads,No Ads,No Ads
SUB_NEWUI_DES_4,{0} DAYS FREE TRIAL,{0} DAYS FREE TRIAL,{0} DAYS FREE TRIAL,{0} DAYS FREE TRIAL,{0} DAYS FREE TRIAL,{0}日間無料試用,{0}일 무료 체험판,{0} DAYS FREE TRIAL,{0} DAYS FREE TRIAL,{0} DAYS FREE TRIAL,{0} DAYS FREE TRIAL,{0} DAYS FREE TRIAL
SUB_NEWUI_DES_5,THEN {0} / WEEK,THEN {0} / WEEK,THEN {0} / WEEK,THEN {0} / WEEK,THEN {0} / WEEK,その後毎週{0},이후 매주 {0}개,THEN {0} / WEEK,THEN {0} / WEEK,THEN {0} / WEEK,THEN {0} / WEEK,THEN {0} / WEEK
PLAY_NOW,PLAY NOW,PLAY NOW,PLAY NOW,PLAY NOW,PLAY NOW,今すぐプレイ,지금 플레이하기,PLAY NOW,PLAY NOW,PLAY NOW,PLAY NOW,PLAY NOW
LATER,LATER,LATER,LATER,LATER,LATER,後で,나중에,LATER,LATER,LATER,LATER,LATER
Recommended,Recommended,Recommended,Recommended,Recommended,Recommended,おすすめ,추천됨,Recommended,Recommended,Recommended,Recommended,Recommended
NewUpdates,New Updates,New Updates,New Updates,New Updates,New Updates,新着,신규 업데이트,New Updates,New Updates,New Updates,New Updates,New Updates
Artists,Artists,Artists,Artists,Artists,Artists,アーティスト,아티스트,Artists,Artists,Artists,Artists,Artists
Genres,Genres,Genres,Genres,Genres,Genres,ジャンル,장르,Genres,Genres,Genres,Genres,Genres
LoginAccount,Login Account,Login Account,Login Account,Login Account,Login Account,ログイン用アカウント,로그인 계정,Login Account,Login Account,Login Account,Login Account,Login Account
VIPMember,VIP Member,VIP Member,VIP Member,VIP Member,VIP Member,VIPメンバー,VIP 회원,VIP Member,VIP Member,VIP Member,VIP Member,VIP Member
FreeMember,Free Member,Free Member,Free Member,Free Member,Free Member,無料メンバ,무료 회원,Free Member,Free Member,Free Member,Free Member,Free Member
ViaFacebook,Via Facebook,Via Facebook,Via Facebook,Via Facebook,Via Facebook,Facebookから,Facebook으로,Via Facebook,Via Facebook,Via Facebook,Via Facebook,Via Facebook
GetMoreGames,Get More Games,Get More Games,Get More Games,Get More Games,Get More Games,他のゲームをゲット,더 많은 게임 받기,Get More Games,Get More Games,Get More Games,Get More Games,Get More Games
REPLAY,REPLAY,REPLAY,REPLAY,REPLAY,REPLAY,リプレイ,리플레이,REPLAY,REPLAY,REPLAY,REPLAY,REPLAY
ENDLESS,ENDLESS,ENDLESS,ENDLESS,ENDLESS,ENDLESS,無限,무한,ENDLESS,ENDLESS,ENDLESS,ENDLESS,ENDLESS
GO,GO,GO,GO,GO,GO,進む,시작,GO,GO,GO,GO,GO
SMusic,Music,Music,Music,Music,Music,音楽,음악,Music,Music,Music,Music,Music
SSound,Sound,Sound,Sound,Sound,Sound,サウンド,소리,Sound,Sound,Sound,Sound,Sound
SVibrate,Vibrate,Vibrate,Vibrate,Vibrate,Vibrate,振動,진동,Vibrate,Vibrate,Vibrate,Vibrate,Vibrate
SSensitive,Sensitive,Sensitive,Sensitive,Sensitive,Sensitive,感度,민감도,Sensitive,Sensitive,Sensitive,Sensitive,Sensitive
SAchievement,Achievement,Achievement,Achievement,Achievement,Achievement,達成,업적,Achievement,Achievement,Achievement,Achievement,Achievement
SLanguage,Language,Language,Language,Language,Language,言語,언어,Language,Language,Language,Language,Language
SPrivacyPolicy,Privacy Policy,Privacy Policy,Privacy Policy,Privacy Policy,Privacy Policy,プライバシーポリシー,개인정보 보호방침,Privacy Policy,Privacy Policy,Privacy Policy,Privacy Policy,Privacy Policy
SRateUs,Rate Us,Rate Us,Rate Us,Rate Us,Rate Us,弊社を評価,평가 남기기,Rate Us,Rate Us,Rate Us,Rate Us,Rate Us
SAboutUs,About Us,About Us,About Us,About Us,About Us,弊社について,회사 소개,About Us,About Us,About Us,About Us,About Us
SENSITIVE_DES,TOUCH TO ADJUST YOUR SENSITIVE,TOUCH TO ADJUST YOUR SENSITIVE,TOUCH TO ADJUST YOUR SENSITIVE,TOUCH TO ADJUST YOUR SENSITIVE,TOUCH TO ADJUST YOUR SENSITIVE,画面に触れて感度を調整,터치하여 민감도 조절하기,TOUCH TO ADJUST YOUR SENSITIVE,TOUCH TO ADJUST YOUR SENSITIVE,TOUCH TO ADJUST YOUR SENSITIVE,TOUCH TO ADJUST YOUR SENSITIVE,TOUCH TO ADJUST YOUR SENSITIVE
MIN,MIN,MIN,MIN,MIN,MIN,最小,최소,MIN,MIN,MIN,MIN,MIN
MEDIUM,MEDIUM,MEDIUM,MEDIUM,MEDIUM,MEDIUM,中間,중간,MEDIUM,MEDIUM,MEDIUM,MEDIUM,MEDIUM
MAX,MAX,MAX,MAX,MAX,MAX,最大,최대,MAX,MAX,MAX,MAX,MAX
SeeMore,See more,See more,See more,See more,See more,さらに表示,더 보기,See more,See more,See more,See more,See more
SeeLess,See less,See less,See less,See less,See less,表示を隠す,덜 보기,See less,See less,See less,See less,See less
RESTORE_PURCHASES,Restore purchases,Restablecer compras,Restaurer les achats,Käufe wiederherstellen,Восстановить покупки,購入の復元,구매 복원,Restaurar compras,Khôi phục thanh toán,Kembalikan pembelian,恢复购买,恢復購買
TERMS_SUBSCRIPTION,"Payment will be charged to Account at confirmation of purchase. Subscription automatically renews unless auto-renew is turned off at least 24-hours before the end of the current period. Account will be charged for renewal within 24-hours prior to the end of the current period, and identify the cost of the renewal. Subscriptions may be managed by the user and auto-renewal may be turned off by going to the user’s Account Settings after purchase. Any unused portion of a free trial period, if offered, will be forfeited when the user purchases a subscription to that publication, where applicable.","El pago se cargará a la Cuenta al confirmar la compra. La suscripción se renueva automáticamente salvo que la renovación automática se desactive al menos 24 horas antes del final del período en curso. La renovación se cargará a la Cuenta dentro de las 24 horas anteriores al final del período en curso, y se identificará el coste de la renovación. El usuario puede administrar las suscripciones y desactivar la renovación automática después de haber hecho la compra, en la sección correspondiente a la Configuración de la Cuenta de usuario. Cuando el usuario compre una suscripción a esa publicación, perderá cualquier parte no utilizada de un período de prueba gratuito que se le haya ofrecido (en los casos en los que sea aplicable).","Le paiement sera débité du compte lors de la confirmation de l'achat. L'abonnement se renouvellera automatiquement, sauf si le renouvellement automatique est désactivé au moins 24 heures avant la fin de la période en cours. Le compte sera facturé pour le renouvellement dans les 24 heures précédant la fin de la période en cours, et le coût du renouvellement sera déterminé. L'utilisateur peut gérer ses abonnements et désactiver le renouvellement automatique en se rendant dans les paramètres de son compte après l'achat. Toute portion inutilisée d'une période d'essai gratuite, si elle est proposée, sera perdue lorsque l'utilisateur achètera un abonnement à cette publication, le cas échéant.","Das Konto wird bei der Kaufbestätigung mit der Zahlung belastet Das Abonnement verlängert sich automatisch, sofern die automatische Verlängerung nicht mindestens 24 Stunden vor Ende des laufenden Abrechnungszeitraums deaktiviert wird. Das Konto wird innerhalb von 24 Stunden vor dem Ende der aktuellen Laufzeit mit der Verlängerung belastet und die Kosten der Verlängerung werden bestimmt. Abonnements können vom Benutzer verwaltet werden und die automatische Verlängerung kann nach dem Kauf in den Kontoeinstellungen des Nutzers deaktiviert werden. Jeder ungenutzte Teil eines kostenlosen Testzeitraums (falls angeboten) verfällt, wenn ein Nutzer ein Abonnement für diese App erwirbt, sofern dies zutreffend ist.","Оплата списывается со счета при подтверждении покупки. Подписка автоматически продлевается, если автоматическое продление не будет отключено по крайней мере за 24 часа до окончания текущего периода. Плата за продление списывается со счета в течение 24 часов до окончания текущего периода с указанием стоимости продления. Пользователь может управлять подписками и отключить автоматическое продление в настройках аккаунта пользователя после покупки. Любая неиспользованная часть бесплатного пробного периода, если такой предлагается, будет аннулирована, когда пользователь приобретет подписку на эту публикацию, где это уместно.",お支払いは購入確定時にアカウントに課金されます。現期間終了の少なくとも24時間前までに自動更新がオフにされない限り、サブスクリプションは自動更新されます。現期間の終了前24時間以内にアカウントに対して更新の課金が行われ、更新の費用が確定します。サブスクリプションはユーザーが管理し、購入後にユーザーのアカウント設定で自動更新をオフにできます。 無料お試し期間の未使用部分については、該当する場合、ユーザーがそのサブスクリプションを購入した時点で失効します。,"구매 확인시 결제 요금이 계정으로 청구됩니다. 현재 구독 기간이 끝나기 최소 24시간 전에 자동 갱신 기능을 해제하지 않으면 구독은 자동 갱신됩니다. 현재 구독 기간 종료 전 24시간 이내에 계정으로 갱신 요금이 청구되므로 갱신 비용을 확인해 주십시오. 구독은 사용자가 관리할 수 있으며, 구매 후에 계정 설정에서 자동 갱신을 해제할 수 있습니다. 무료 체험 기간 중 미사용 부분(제공된 경우)은 사용자가 해당 출판물의 구독을 구매하는 경우에(해당 부분이 있는 경우) 소멸됩니다.","O pagamento será cobrado da Conta na confirmação da compra. A assinatura é renovada automaticamente, a menos que a renovação automática seja desabilitada pelo menos 24 horas antes do final do período atual. A conta será cobrada pela renovação dentro de 24 horas antes do final do período atual, e identificará o preço da renovação. As assinaturas podem ser gerenciadas pelo usuário e a renovação automática pode ser desabilitada acessando as Configurações da Conta do usuário após a compra. Qualquer porção de um período de avaliação gratuita, caso oferecido, será perdida quando o usuário adquirir uma assinatura para aquela publicação, quando aplicável.","Thanh toán sẽ được tính vào Tài khoản khi xác nhận mua hàng. Đăng ký tự động gia hạn trừ khi tự động gia hạn bị tắt ít nhất 24 giờ trước khi kết thúc giai đoạn hiện tại. Tài khoản sẽ được tính phí cho việc gia hạn trong vòng 24 giờ trước khi kết thúc giai đoạn hiện tại và xác định chi phí gia hạn. Đăng ký có thể được quản lý bởi người dùng và tự động gia hạn có thể bị tắt bằng cách truy cập Cài đặt tài khoản của người dùng sau khi mua. Bất kỳ phần chưa sử dụng nào trong thời gian dùng thử miễn phí, nếu được cung cấp, sẽ bị hủy bỏ khi người dùng mua đăng ký cho ấn phẩm đó, nếu có.","Pembayaran akan ditagihkan ke Akun pada saat konfirmasi pembelian. Paket akan diperpanjang otomatis kecuali jika perpanjangan otomatis dinonaktifkan setidaknya 24 jam sebelum akhir periode berjalan. Akun akan ditagih perpanjangan dalam 24 jam sebelum akhir periode berjalan, dan biaya perpanjangan akan diinfokan. Paket dapat dikelola oleh pengguna dan perpanjangan otomatis dapat dinonaktifkan dengan masuk ke Pengaturan Akun pengguna setelah melakukan pembelian. Segala porsi masa uji gratis yang tidak terpakai, jika ada, akan hangus saat pengguna membeli paket berlangganan untuk publikasi tersebut.",确认购买后，将从账户中扣除款项。订阅将自动续期，除非在当期订阅结束前至少 24 小时关闭。当前订阅到期前的 24 小时内将确定续订费用，并从账户中扣除。用户可以自行管理订阅，订阅后可以到用户的“帐户设置”中关闭自动续订。免费试用期的任何未使用部分（如有）将在用户购买该出版物的订阅（如果适用）时自动失效。,確認購買後，將透過帳戶收取付款。訂閱會自動續訂，除非在現期結束至少 24 小時以前將自動續訂關閉。帳戶會在現期結束前 24 小時內依照判定的續定費用被收取付款。購買後，用戶可至「帳戶設定」管理訂閱及關閉自動續訂。任何免費試用期間未用完的部份，在用戶購買該訂閱後即被收回而不予補償。
FACEBOOK_LOGIN,Log in with Facebook,Iniciar sesión con Facebook,Se connecter avec Facebook,Mit Facebook einloggen,Войти с Facebook,Facebookにログイン,Facebook으로 로그인해서,Entrar com o Facebook,Đăng nhập Facebook,Masuk dengan Facebook,用Facebook登录,用Facebook登錄
SUB_INFORMING_TITLE,FREE ACCESS TO\nVIP SONG,ACCESO GRATIS A LA CANCIÓN \ nVIP,ACCÈS GRATUIT À \ nVIP SONG,KOSTENLOSER ZUGRIFF AUF \ nVIP SONG,БЕСПЛАТНЫЙ ДОСТУП К \ nVIP-ПЕСНИ,\ nVIPソングへの無料アクセス,무료로 \ nVIP 노래 이용,ACESSO GRATUITO A \ nVIP SONG,TRUY CẬP MIỄN PHÍ VÀO \ nVIP BÀI HÁT,AKSES GRATIS KE \ nVIP LAGU,免费访问\ nVIP SONG,免費訪問\ nVIP SONG
SUB_INFORMING_DES_1,Attention! You will be able to {0} of our hottest VIP songs for FREE in the next {1},Attention! You will be able to {0} of our hottest VIP songs for FREE in the next {1},Attention! You will be able to {0} of our hottest VIP songs for FREE in the next {1},Attention! You will be able to {0} of our hottest VIP songs for FREE in the next {1},Attention! You will be able to {0} of our hottest VIP songs for FREE in the next {1},Attention! You will be able to {0} of our hottest VIP songs for FREE in the next {1},Attention! You will be able to {0} of our hottest VIP songs for FREE in the next {1},Attention! You will be able to {0} of our hottest VIP songs for FREE in the next {1},Attention! You will be able to {0} of our hottest VIP songs for FREE in the next {1},Attention! You will be able to {0} of our hottest VIP songs for FREE in the next {1},Attention! You will be able to {0} of our hottest VIP songs for FREE in the next {1},Attention! You will be able to {0} of our hottest VIP songs for FREE in the next {1}
SUB_INFORMING_DES_2,Wait and come back to receive this benefit,Espera y vuelve para recibir este beneficio,Attendez et revenez pour recevoir cet avantage,"Warten Sie und kommen Sie zurück, um diesen Vorteil zu erhalten","Подождите и вернитесь, чтобы получить эту выгоду",この特典を受け取るには、しばらく待ってから戻ってください,이 혜택을 받으려면 기다렸다가 돌아 오십시오.,Espere e volte para receber este benefício,Chờ và quay lại để nhận quyền lợi này,Tunggu dan kembalilah untuk menerima manfaat ini,等一下再回来领取这项福利,等待回來再領取這項福利
SUB_INFORMING_DES_3,{0} VIP SONGS FOR FREE AFTER,PRUEBA {0} CANCIONES VIP GRATIS DESPUÉS,ESSAYEZ GRATUITEMENT {0} CHANSONS VIP APRÈS,VERSUCHEN SIE {0} VIP-SONGS KOSTENLOS NACHHER,ПОПРОБУЙТЕ {0} VIP-ПЕСНИ БЕСПЛАТНО ПОСЛЕ,{0} VIPソングを無料でお試しください,{0} VIP 노래를 무료로 사용해보세요.,TENTE {0} CANÇÕES VIP DE GRAÇA APÓS,THỬ MIỄN PHÍ {0} BÀI HÁT VIP SAU KHI,COBA {0} LAGU VIP GRATIS SETELAH,免费试听{0} VIP歌曲,免費試聽{0} VIP歌曲
SUB_INFORMING_DES_4,Don't want to wait?,¿No quieres esperar?,Vous ne voulez pas attendre?,Willst du nicht warten?,Не хотите ждать?,待ちたくないですか？,기다리고 싶지 않으세요?,Não quer esperar?,Bạn không muốn chờ đợi?,Tidak mau menunggu?,不想等吗？,不想等嗎？
SUB_INFORMING_BTN,SUBSCRIBE NOW,SUSCRÍBASE AHORA,ABONNEZ-VOUS MAINTENANT,ABONNIERE JETZT,ПОДПИШИТЕСЬ СЕЙЧАС,今すぐ登録,지금 구독하세요,INSCREVA-SE AGORA,MUA NGAY,BERLANGGANAN SEKARANG,现在订阅,現在訂閱
SUB_CLAIMING_TITLE,CONGRATULATIONS!,¡FELICIDADES!,TOUTES NOS FÉLICITATIONS!,HERZLICHE GLÜCKWÜNSCHE!,ПОЗДРАВЛЯЕМ!,おめでとう！,축하합니다!,PARABÉNS!,XIN CHÚC MỪNG!,SELAMAT!,恭喜！,恭喜！
SUB_CLAIMING_DES_1,You can now {0} of our hottest VIP songs FOR FREE!,You can now {0} of our hottest VIP songs FOR FREE!,You can now {0} of our hottest VIP songs FOR FREE!,You can now {0} of our hottest VIP songs FOR FREE!,You can now {0} of our hottest VIP songs FOR FREE!,You can now {0} of our hottest VIP songs FOR FREE!,You can now {0} of our hottest VIP songs FOR FREE!,You can now {0} of our hottest VIP songs FOR FREE!,You can now {0} of our hottest VIP songs FOR FREE!,You can now {0} of our hottest VIP songs FOR FREE!,You can now {0} of our hottest VIP songs FOR FREE!,You can now {0} of our hottest VIP songs FOR FREE!
SUB_CLAIMING_DES_2,Click the {0} button at the song you want to play to use it,Click the {0} button at the song you want to play to use it,Click the {0} button at the song you want to play to use it,Click the {0} button at the song you want to play to use it,Click the {0} button at the song you want to play to use it,Click the {0} button at the song you want to play to use it,Click the {0} button at the song you want to play to use it,Click the {0} button at the song you want to play to use it,Click the {0} button at the song you want to play to use it,Click the {0} button at the song you want to play to use it,Click the {0} button at the song you want to play to use it,Click the {0} button at the song you want to play to use it
SUB_CLAIMING_DES_3,And come back in the next {0} to try another {1} VIP songs,Y vuelve a {0} para probar otras {1} canciones VIP,Et revenez sur {0} pour essayer d'autres {1} chansons VIP,"Und komm zurück auf {0}, um weitere {1} VIP-Songs auszuprobieren","И вернитесь на {0}, чтобы попробовать еще {1} VIP-треки",そして、{0}に戻って別の{1} VIP曲を試してください,{0} (으)로 돌아와서 다른 {1} VIP 노래를 시도해보세요.,E volte no {0} para tentar outras {1} músicas VIP,Và quay lại {0} để thử {1} bài hát VIP khác,Dan kembali pada {0} untuk mencoba {1} lagu VIP lainnya,然后回到{0}尝试另一首{1} VIP歌曲,然後回到{0}嘗試另一首{1} VIP歌曲
LEFT,LEFT,IZQUIERDA,LA GAUCHE,LINKS,ОСТАЛОСЬ,左,왼쪽,ESQUERDA,Còn,KIRI,剩下,剩下
TRIAL,TRIAL,JUICIO,PROCÈS,VERSUCH,СУД,トライアル,시도,TENTATIVAS,TRẢI NGHIỆM,PERCOBAAN,试用,試用
UNLOCK,UNLOCK,DESBLOQUEAR,DÉVERROUILLER,ENTSPERREN,ОТКРЫТЬ,ロックを解除する,터놓다,DESBLOQUEAR,MỞ,UNLOCK,解锁,解鎖
SUB_CLAIMING_BTN,PLAY WITHOUT LIMIT,PLAY WITHOUT LIMIT,PLAY WITHOUT LIMIT,PLAY WITHOUT LIMIT,PLAY WITHOUT LIMIT,PLAY WITHOUT LIMIT,PLAY WITHOUT LIMIT,PLAY WITHOUT LIMIT,PLAY WITHOUT LIMIT,PLAY WITHOUT LIMIT,PLAY WITHOUT LIMIT,PLAY WITHOUT LIMIT
Today,today,today,today,today,today,today,today,today,today,today,today,today